,Admit,Gender,Dept
1,1,Male,A
1.1,1,Male,A
1.2,1,Male,A
1.3,1,Male,A
1.4,1,Male,A
1.5,1,Male,A
1.6,1,Male,A
1.7,1,Male,A
1.8,1,Male,A
1.9,1,Male,A
1.10,1,Male,A
1.11,1,Male,A
1.12,1,Male,A
1.13,1,Male,A
1.14,1,Male,A
1.15,1,Male,A
1.16,1,Male,A
1.17,1,Male,A
1.18,1,Male,A
1.19,1,Male,A
1.20,1,Male,A
1.21,1,Male,A
1.22,1,Male,A
1.23,1,Male,A
1.24,1,Male,A
1.25,1,Male,A
1.26,1,Male,A
1.27,1,Male,A
1.28,1,Male,A
1.29,1,Male,A
1.30,1,Male,A
1.31,1,Male,A
1.32,1,Male,A
1.33,1,Male,A
1.34,1,Male,A
1.35,1,Male,A
1.36,1,Male,A
1.37,1,Male,A
1.38,1,Male,A
1.39,1,Male,A
1.40,1,Male,A
1.41,1,Male,A
1.42,1,Male,A
1.43,1,Male,A
1.44,1,Male,A
1.45,1,Male,A
1.46,1,Male,A
1.47,1,Male,A
1.48,1,Male,A
1.49,1,Male,A
1.50,1,Male,A
1.51,1,Male,A
1.52,1,Male,A
1.53,1,Male,A
1.54,1,Male,A
1.55,1,Male,A
1.56,1,Male,A
1.57,1,Male,A
1.58,1,Male,A
1.59,1,Male,A
1.60,1,Male,A
1.61,1,Male,A
1.62,1,Male,A
1.63,1,Male,A
1.64,1,Male,A
1.65,1,Male,A
1.66,1,Male,A
1.67,1,Male,A
1.68,1,Male,A
1.69,1,Male,A
1.70,1,Male,A
1.71,1,Male,A
1.72,1,Male,A
1.73,1,Male,A
1.74,1,Male,A
1.75,1,Male,A
1.76,1,Male,A
1.77,1,Male,A
1.78,1,Male,A
1.79,1,Male,A
1.80,1,Male,A
1.81,1,Male,A
1.82,1,Male,A
1.83,1,Male,A
1.84,1,Male,A
1.85,1,Male,A
1.86,1,Male,A
1.87,1,Male,A
1.88,1,Male,A
1.89,1,Male,A
1.90,1,Male,A
1.91,1,Male,A
1.92,1,Male,A
1.93,1,Male,A
1.94,1,Male,A
1.95,1,Male,A
1.96,1,Male,A
1.97,1,Male,A
1.98,1,Male,A
1.99,1,Male,A
1.100,1,Male,A
1.101,1,Male,A
1.102,1,Male,A
1.103,1,Male,A
1.104,1,Male,A
1.105,1,Male,A
1.106,1,Male,A
1.107,1,Male,A
1.108,1,Male,A
1.109,1,Male,A
1.110,1,Male,A
1.111,1,Male,A
1.112,1,Male,A
1.113,1,Male,A
1.114,1,Male,A
1.115,1,Male,A
1.116,1,Male,A
1.117,1,Male,A
1.118,1,Male,A
1.119,1,Male,A
1.120,1,Male,A
1.121,1,Male,A
1.122,1,Male,A
1.123,1,Male,A
1.124,1,Male,A
1.125,1,Male,A
1.126,1,Male,A
1.127,1,Male,A
1.128,1,Male,A
1.129,1,Male,A
1.130,1,Male,A
1.131,1,Male,A
1.132,1,Male,A
1.133,1,Male,A
1.134,1,Male,A
1.135,1,Male,A
1.136,1,Male,A
1.137,1,Male,A
1.138,1,Male,A
1.139,1,Male,A
1.140,1,Male,A
1.141,1,Male,A
1.142,1,Male,A
1.143,1,Male,A
1.144,1,Male,A
1.145,1,Male,A
1.146,1,Male,A
1.147,1,Male,A
1.148,1,Male,A
1.149,1,Male,A
1.150,1,Male,A
1.151,1,Male,A
1.152,1,Male,A
1.153,1,Male,A
1.154,1,Male,A
1.155,1,Male,A
1.156,1,Male,A
1.157,1,Male,A
1.158,1,Male,A
1.159,1,Male,A
1.160,1,Male,A
1.161,1,Male,A
1.162,1,Male,A
1.163,1,Male,A
1.164,1,Male,A
1.165,1,Male,A
1.166,1,Male,A
1.167,1,Male,A
1.168,1,Male,A
1.169,1,Male,A
1.170,1,Male,A
1.171,1,Male,A
1.172,1,Male,A
1.173,1,Male,A
1.174,1,Male,A
1.175,1,Male,A
1.176,1,Male,A
1.177,1,Male,A
1.178,1,Male,A
1.179,1,Male,A
1.180,1,Male,A
1.181,1,Male,A
1.182,1,Male,A
1.183,1,Male,A
1.184,1,Male,A
1.185,1,Male,A
1.186,1,Male,A
1.187,1,Male,A
1.188,1,Male,A
1.189,1,Male,A
1.190,1,Male,A
1.191,1,Male,A
1.192,1,Male,A
1.193,1,Male,A
1.194,1,Male,A
1.195,1,Male,A
1.196,1,Male,A
1.197,1,Male,A
1.198,1,Male,A
1.199,1,Male,A
1.200,1,Male,A
1.201,1,Male,A
1.202,1,Male,A
1.203,1,Male,A
1.204,1,Male,A
1.205,1,Male,A
1.206,1,Male,A
1.207,1,Male,A
1.208,1,Male,A
1.209,1,Male,A
1.210,1,Male,A
1.211,1,Male,A
1.212,1,Male,A
1.213,1,Male,A
1.214,1,Male,A
1.215,1,Male,A
1.216,1,Male,A
1.217,1,Male,A
1.218,1,Male,A
1.219,1,Male,A
1.220,1,Male,A
1.221,1,Male,A
1.222,1,Male,A
1.223,1,Male,A
1.224,1,Male,A
1.225,1,Male,A
1.226,1,Male,A
1.227,1,Male,A
1.228,1,Male,A
1.229,1,Male,A
1.230,1,Male,A
1.231,1,Male,A
1.232,1,Male,A
1.233,1,Male,A
1.234,1,Male,A
1.235,1,Male,A
1.236,1,Male,A
1.237,1,Male,A
1.238,1,Male,A
1.239,1,Male,A
1.240,1,Male,A
1.241,1,Male,A
1.242,1,Male,A
1.243,1,Male,A
1.244,1,Male,A
1.245,1,Male,A
1.246,1,Male,A
1.247,1,Male,A
1.248,1,Male,A
1.249,1,Male,A
1.250,1,Male,A
1.251,1,Male,A
1.252,1,Male,A
1.253,1,Male,A
1.254,1,Male,A
1.255,1,Male,A
1.256,1,Male,A
1.257,1,Male,A
1.258,1,Male,A
1.259,1,Male,A
1.260,1,Male,A
1.261,1,Male,A
1.262,1,Male,A
1.263,1,Male,A
1.264,1,Male,A
1.265,1,Male,A
1.266,1,Male,A
1.267,1,Male,A
1.268,1,Male,A
1.269,1,Male,A
1.270,1,Male,A
1.271,1,Male,A
1.272,1,Male,A
1.273,1,Male,A
1.274,1,Male,A
1.275,1,Male,A
1.276,1,Male,A
1.277,1,Male,A
1.278,1,Male,A
1.279,1,Male,A
1.280,1,Male,A
1.281,1,Male,A
1.282,1,Male,A
1.283,1,Male,A
1.284,1,Male,A
1.285,1,Male,A
1.286,1,Male,A
1.287,1,Male,A
1.288,1,Male,A
1.289,1,Male,A
1.290,1,Male,A
1.291,1,Male,A
1.292,1,Male,A
1.293,1,Male,A
1.294,1,Male,A
1.295,1,Male,A
1.296,1,Male,A
1.297,1,Male,A
1.298,1,Male,A
1.299,1,Male,A
1.300,1,Male,A
1.301,1,Male,A
1.302,1,Male,A
1.303,1,Male,A
1.304,1,Male,A
1.305,1,Male,A
1.306,1,Male,A
1.307,1,Male,A
1.308,1,Male,A
1.309,1,Male,A
1.310,1,Male,A
1.311,1,Male,A
1.312,1,Male,A
1.313,1,Male,A
1.314,1,Male,A
1.315,1,Male,A
1.316,1,Male,A
1.317,1,Male,A
1.318,1,Male,A
1.319,1,Male,A
1.320,1,Male,A
1.321,1,Male,A
1.322,1,Male,A
1.323,1,Male,A
1.324,1,Male,A
1.325,1,Male,A
1.326,1,Male,A
1.327,1,Male,A
1.328,1,Male,A
1.329,1,Male,A
1.330,1,Male,A
1.331,1,Male,A
1.332,1,Male,A
1.333,1,Male,A
1.334,1,Male,A
1.335,1,Male,A
1.336,1,Male,A
1.337,1,Male,A
1.338,1,Male,A
1.339,1,Male,A
1.340,1,Male,A
1.341,1,Male,A
1.342,1,Male,A
1.343,1,Male,A
1.344,1,Male,A
1.345,1,Male,A
1.346,1,Male,A
1.347,1,Male,A
1.348,1,Male,A
1.349,1,Male,A
1.350,1,Male,A
1.351,1,Male,A
1.352,1,Male,A
1.353,1,Male,A
1.354,1,Male,A
1.355,1,Male,A
1.356,1,Male,A
1.357,1,Male,A
1.358,1,Male,A
1.359,1,Male,A
1.360,1,Male,A
1.361,1,Male,A
1.362,1,Male,A
1.363,1,Male,A
1.364,1,Male,A
1.365,1,Male,A
1.366,1,Male,A
1.367,1,Male,A
1.368,1,Male,A
1.369,1,Male,A
1.370,1,Male,A
1.371,1,Male,A
1.372,1,Male,A
1.373,1,Male,A
1.374,1,Male,A
1.375,1,Male,A
1.376,1,Male,A
1.377,1,Male,A
1.378,1,Male,A
1.379,1,Male,A
1.380,1,Male,A
1.381,1,Male,A
1.382,1,Male,A
1.383,1,Male,A
1.384,1,Male,A
1.385,1,Male,A
1.386,1,Male,A
1.387,1,Male,A
1.388,1,Male,A
1.389,1,Male,A
1.390,1,Male,A
1.391,1,Male,A
1.392,1,Male,A
1.393,1,Male,A
1.394,1,Male,A
1.395,1,Male,A
1.396,1,Male,A
1.397,1,Male,A
1.398,1,Male,A
1.399,1,Male,A
1.400,1,Male,A
1.401,1,Male,A
1.402,1,Male,A
1.403,1,Male,A
1.404,1,Male,A
1.405,1,Male,A
1.406,1,Male,A
1.407,1,Male,A
1.408,1,Male,A
1.409,1,Male,A
1.410,1,Male,A
1.411,1,Male,A
1.412,1,Male,A
1.413,1,Male,A
1.414,1,Male,A
1.415,1,Male,A
1.416,1,Male,A
1.417,1,Male,A
1.418,1,Male,A
1.419,1,Male,A
1.420,1,Male,A
1.421,1,Male,A
1.422,1,Male,A
1.423,1,Male,A
1.424,1,Male,A
1.425,1,Male,A
1.426,1,Male,A
1.427,1,Male,A
1.428,1,Male,A
1.429,1,Male,A
1.430,1,Male,A
1.431,1,Male,A
1.432,1,Male,A
1.433,1,Male,A
1.434,1,Male,A
1.435,1,Male,A
1.436,1,Male,A
1.437,1,Male,A
1.438,1,Male,A
1.439,1,Male,A
1.440,1,Male,A
1.441,1,Male,A
1.442,1,Male,A
1.443,1,Male,A
1.444,1,Male,A
1.445,1,Male,A
1.446,1,Male,A
1.447,1,Male,A
1.448,1,Male,A
1.449,1,Male,A
1.450,1,Male,A
1.451,1,Male,A
1.452,1,Male,A
1.453,1,Male,A
1.454,1,Male,A
1.455,1,Male,A
1.456,1,Male,A
1.457,1,Male,A
1.458,1,Male,A
1.459,1,Male,A
1.460,1,Male,A
1.461,1,Male,A
1.462,1,Male,A
1.463,1,Male,A
1.464,1,Male,A
1.465,1,Male,A
1.466,1,Male,A
1.467,1,Male,A
1.468,1,Male,A
1.469,1,Male,A
1.470,1,Male,A
1.471,1,Male,A
1.472,1,Male,A
1.473,1,Male,A
1.474,1,Male,A
1.475,1,Male,A
1.476,1,Male,A
1.477,1,Male,A
1.478,1,Male,A
1.479,1,Male,A
1.480,1,Male,A
1.481,1,Male,A
1.482,1,Male,A
1.483,1,Male,A
1.484,1,Male,A
1.485,1,Male,A
1.486,1,Male,A
1.487,1,Male,A
1.488,1,Male,A
1.489,1,Male,A
1.490,1,Male,A
1.491,1,Male,A
1.492,1,Male,A
1.493,1,Male,A
1.494,1,Male,A
1.495,1,Male,A
1.496,1,Male,A
1.497,1,Male,A
1.498,1,Male,A
1.499,1,Male,A
1.500,1,Male,A
1.501,1,Male,A
1.502,1,Male,A
1.503,1,Male,A
1.504,1,Male,A
1.505,1,Male,A
1.506,1,Male,A
1.507,1,Male,A
1.508,1,Male,A
1.509,1,Male,A
1.510,1,Male,A
1.511,1,Male,A
2,0,Male,A
2.1,0,Male,A
2.2,0,Male,A
2.3,0,Male,A
2.4,0,Male,A
2.5,0,Male,A
2.6,0,Male,A
2.7,0,Male,A
2.8,0,Male,A
2.9,0,Male,A
2.10,0,Male,A
2.11,0,Male,A
2.12,0,Male,A
2.13,0,Male,A
2.14,0,Male,A
2.15,0,Male,A
2.16,0,Male,A
2.17,0,Male,A
2.18,0,Male,A
2.19,0,Male,A
2.20,0,Male,A
2.21,0,Male,A
2.22,0,Male,A
2.23,0,Male,A
2.24,0,Male,A
2.25,0,Male,A
2.26,0,Male,A
2.27,0,Male,A
2.28,0,Male,A
2.29,0,Male,A
2.30,0,Male,A
2.31,0,Male,A
2.32,0,Male,A
2.33,0,Male,A
2.34,0,Male,A
2.35,0,Male,A
2.36,0,Male,A
2.37,0,Male,A
2.38,0,Male,A
2.39,0,Male,A
2.40,0,Male,A
2.41,0,Male,A
2.42,0,Male,A
2.43,0,Male,A
2.44,0,Male,A
2.45,0,Male,A
2.46,0,Male,A
2.47,0,Male,A
2.48,0,Male,A
2.49,0,Male,A
2.50,0,Male,A
2.51,0,Male,A
2.52,0,Male,A
2.53,0,Male,A
2.54,0,Male,A
2.55,0,Male,A
2.56,0,Male,A
2.57,0,Male,A
2.58,0,Male,A
2.59,0,Male,A
2.60,0,Male,A
2.61,0,Male,A
2.62,0,Male,A
2.63,0,Male,A
2.64,0,Male,A
2.65,0,Male,A
2.66,0,Male,A
2.67,0,Male,A
2.68,0,Male,A
2.69,0,Male,A
2.70,0,Male,A
2.71,0,Male,A
2.72,0,Male,A
2.73,0,Male,A
2.74,0,Male,A
2.75,0,Male,A
2.76,0,Male,A
2.77,0,Male,A
2.78,0,Male,A
2.79,0,Male,A
2.80,0,Male,A
2.81,0,Male,A
2.82,0,Male,A
2.83,0,Male,A
2.84,0,Male,A
2.85,0,Male,A
2.86,0,Male,A
2.87,0,Male,A
2.88,0,Male,A
2.89,0,Male,A
2.90,0,Male,A
2.91,0,Male,A
2.92,0,Male,A
2.93,0,Male,A
2.94,0,Male,A
2.95,0,Male,A
2.96,0,Male,A
2.97,0,Male,A
2.98,0,Male,A
2.99,0,Male,A
2.100,0,Male,A
2.101,0,Male,A
2.102,0,Male,A
2.103,0,Male,A
2.104,0,Male,A
2.105,0,Male,A
2.106,0,Male,A
2.107,0,Male,A
2.108,0,Male,A
2.109,0,Male,A
2.110,0,Male,A
2.111,0,Male,A
2.112,0,Male,A
2.113,0,Male,A
2.114,0,Male,A
2.115,0,Male,A
2.116,0,Male,A
2.117,0,Male,A
2.118,0,Male,A
2.119,0,Male,A
2.120,0,Male,A
2.121,0,Male,A
2.122,0,Male,A
2.123,0,Male,A
2.124,0,Male,A
2.125,0,Male,A
2.126,0,Male,A
2.127,0,Male,A
2.128,0,Male,A
2.129,0,Male,A
2.130,0,Male,A
2.131,0,Male,A
2.132,0,Male,A
2.133,0,Male,A
2.134,0,Male,A
2.135,0,Male,A
2.136,0,Male,A
2.137,0,Male,A
2.138,0,Male,A
2.139,0,Male,A
2.140,0,Male,A
2.141,0,Male,A
2.142,0,Male,A
2.143,0,Male,A
2.144,0,Male,A
2.145,0,Male,A
2.146,0,Male,A
2.147,0,Male,A
2.148,0,Male,A
2.149,0,Male,A
2.150,0,Male,A
2.151,0,Male,A
2.152,0,Male,A
2.153,0,Male,A
2.154,0,Male,A
2.155,0,Male,A
2.156,0,Male,A
2.157,0,Male,A
2.158,0,Male,A
2.159,0,Male,A
2.160,0,Male,A
2.161,0,Male,A
2.162,0,Male,A
2.163,0,Male,A
2.164,0,Male,A
2.165,0,Male,A
2.166,0,Male,A
2.167,0,Male,A
2.168,0,Male,A
2.169,0,Male,A
2.170,0,Male,A
2.171,0,Male,A
2.172,0,Male,A
2.173,0,Male,A
2.174,0,Male,A
2.175,0,Male,A
2.176,0,Male,A
2.177,0,Male,A
2.178,0,Male,A
2.179,0,Male,A
2.180,0,Male,A
2.181,0,Male,A
2.182,0,Male,A
2.183,0,Male,A
2.184,0,Male,A
2.185,0,Male,A
2.186,0,Male,A
2.187,0,Male,A
2.188,0,Male,A
2.189,0,Male,A
2.190,0,Male,A
2.191,0,Male,A
2.192,0,Male,A
2.193,0,Male,A
2.194,0,Male,A
2.195,0,Male,A
2.196,0,Male,A
2.197,0,Male,A
2.198,0,Male,A
2.199,0,Male,A
2.200,0,Male,A
2.201,0,Male,A
2.202,0,Male,A
2.203,0,Male,A
2.204,0,Male,A
2.205,0,Male,A
2.206,0,Male,A
2.207,0,Male,A
2.208,0,Male,A
2.209,0,Male,A
2.210,0,Male,A
2.211,0,Male,A
2.212,0,Male,A
2.213,0,Male,A
2.214,0,Male,A
2.215,0,Male,A
2.216,0,Male,A
2.217,0,Male,A
2.218,0,Male,A
2.219,0,Male,A
2.220,0,Male,A
2.221,0,Male,A
2.222,0,Male,A
2.223,0,Male,A
2.224,0,Male,A
2.225,0,Male,A
2.226,0,Male,A
2.227,0,Male,A
2.228,0,Male,A
2.229,0,Male,A
2.230,0,Male,A
2.231,0,Male,A
2.232,0,Male,A
2.233,0,Male,A
2.234,0,Male,A
2.235,0,Male,A
2.236,0,Male,A
2.237,0,Male,A
2.238,0,Male,A
2.239,0,Male,A
2.240,0,Male,A
2.241,0,Male,A
2.242,0,Male,A
2.243,0,Male,A
2.244,0,Male,A
2.245,0,Male,A
2.246,0,Male,A
2.247,0,Male,A
2.248,0,Male,A
2.249,0,Male,A
2.250,0,Male,A
2.251,0,Male,A
2.252,0,Male,A
2.253,0,Male,A
2.254,0,Male,A
2.255,0,Male,A
2.256,0,Male,A
2.257,0,Male,A
2.258,0,Male,A
2.259,0,Male,A
2.260,0,Male,A
2.261,0,Male,A
2.262,0,Male,A
2.263,0,Male,A
2.264,0,Male,A
2.265,0,Male,A
2.266,0,Male,A
2.267,0,Male,A
2.268,0,Male,A
2.269,0,Male,A
2.270,0,Male,A
2.271,0,Male,A
2.272,0,Male,A
2.273,0,Male,A
2.274,0,Male,A
2.275,0,Male,A
2.276,0,Male,A
2.277,0,Male,A
2.278,0,Male,A
2.279,0,Male,A
2.280,0,Male,A
2.281,0,Male,A
2.282,0,Male,A
2.283,0,Male,A
2.284,0,Male,A
2.285,0,Male,A
2.286,0,Male,A
2.287,0,Male,A
2.288,0,Male,A
2.289,0,Male,A
2.290,0,Male,A
2.291,0,Male,A
2.292,0,Male,A
2.293,0,Male,A
2.294,0,Male,A
2.295,0,Male,A
2.296,0,Male,A
2.297,0,Male,A
2.298,0,Male,A
2.299,0,Male,A
2.300,0,Male,A
2.301,0,Male,A
2.302,0,Male,A
2.303,0,Male,A
2.304,0,Male,A
2.305,0,Male,A
2.306,0,Male,A
2.307,0,Male,A
2.308,0,Male,A
2.309,0,Male,A
2.310,0,Male,A
2.311,0,Male,A
2.312,0,Male,A
3,1,Female,A
3.1,1,Female,A
3.2,1,Female,A
3.3,1,Female,A
3.4,1,Female,A
3.5,1,Female,A
3.6,1,Female,A
3.7,1,Female,A
3.8,1,Female,A
3.9,1,Female,A
3.10,1,Female,A
3.11,1,Female,A
3.12,1,Female,A
3.13,1,Female,A
3.14,1,Female,A
3.15,1,Female,A
3.16,1,Female,A
3.17,1,Female,A
3.18,1,Female,A
3.19,1,Female,A
3.20,1,Female,A
3.21,1,Female,A
3.22,1,Female,A
3.23,1,Female,A
3.24,1,Female,A
3.25,1,Female,A
3.26,1,Female,A
3.27,1,Female,A
3.28,1,Female,A
3.29,1,Female,A
3.30,1,Female,A
3.31,1,Female,A
3.32,1,Female,A
3.33,1,Female,A
3.34,1,Female,A
3.35,1,Female,A
3.36,1,Female,A
3.37,1,Female,A
3.38,1,Female,A
3.39,1,Female,A
3.40,1,Female,A
3.41,1,Female,A
3.42,1,Female,A
3.43,1,Female,A
3.44,1,Female,A
3.45,1,Female,A
3.46,1,Female,A
3.47,1,Female,A
3.48,1,Female,A
3.49,1,Female,A
3.50,1,Female,A
3.51,1,Female,A
3.52,1,Female,A
3.53,1,Female,A
3.54,1,Female,A
3.55,1,Female,A
3.56,1,Female,A
3.57,1,Female,A
3.58,1,Female,A
3.59,1,Female,A
3.60,1,Female,A
3.61,1,Female,A
3.62,1,Female,A
3.63,1,Female,A
3.64,1,Female,A
3.65,1,Female,A
3.66,1,Female,A
3.67,1,Female,A
3.68,1,Female,A
3.69,1,Female,A
3.70,1,Female,A
3.71,1,Female,A
3.72,1,Female,A
3.73,1,Female,A
3.74,1,Female,A
3.75,1,Female,A
3.76,1,Female,A
3.77,1,Female,A
3.78,1,Female,A
3.79,1,Female,A
3.80,1,Female,A
3.81,1,Female,A
3.82,1,Female,A
3.83,1,Female,A
3.84,1,Female,A
3.85,1,Female,A
3.86,1,Female,A
3.87,1,Female,A
3.88,1,Female,A
4,0,Female,A
4.1,0,Female,A
4.2,0,Female,A
4.3,0,Female,A
4.4,0,Female,A
4.5,0,Female,A
4.6,0,Female,A
4.7,0,Female,A
4.8,0,Female,A
4.9,0,Female,A
4.10,0,Female,A
4.11,0,Female,A
4.12,0,Female,A
4.13,0,Female,A
4.14,0,Female,A
4.15,0,Female,A
4.16,0,Female,A
4.17,0,Female,A
4.18,0,Female,A
5,1,Male,B
5.1,1,Male,B
5.2,1,Male,B
5.3,1,Male,B
5.4,1,Male,B
5.5,1,Male,B
5.6,1,Male,B
5.7,1,Male,B
5.8,1,Male,B
5.9,1,Male,B
5.10,1,Male,B
5.11,1,Male,B
5.12,1,Male,B
5.13,1,Male,B
5.14,1,Male,B
5.15,1,Male,B
5.16,1,Male,B
5.17,1,Male,B
5.18,1,Male,B
5.19,1,Male,B
5.20,1,Male,B
5.21,1,Male,B
5.22,1,Male,B
5.23,1,Male,B
5.24,1,Male,B
5.25,1,Male,B
5.26,1,Male,B
5.27,1,Male,B
5.28,1,Male,B
5.29,1,Male,B
5.30,1,Male,B
5.31,1,Male,B
5.32,1,Male,B
5.33,1,Male,B
5.34,1,Male,B
5.35,1,Male,B
5.36,1,Male,B
5.37,1,Male,B
5.38,1,Male,B
5.39,1,Male,B
5.40,1,Male,B
5.41,1,Male,B
5.42,1,Male,B
5.43,1,Male,B
5.44,1,Male,B
5.45,1,Male,B
5.46,1,Male,B
5.47,1,Male,B
5.48,1,Male,B
5.49,1,Male,B
5.50,1,Male,B
5.51,1,Male,B
5.52,1,Male,B
5.53,1,Male,B
5.54,1,Male,B
5.55,1,Male,B
5.56,1,Male,B
5.57,1,Male,B
5.58,1,Male,B
5.59,1,Male,B
5.60,1,Male,B
5.61,1,Male,B
5.62,1,Male,B
5.63,1,Male,B
5.64,1,Male,B
5.65,1,Male,B
5.66,1,Male,B
5.67,1,Male,B
5.68,1,Male,B
5.69,1,Male,B
5.70,1,Male,B
5.71,1,Male,B
5.72,1,Male,B
5.73,1,Male,B
5.74,1,Male,B
5.75,1,Male,B
5.76,1,Male,B
5.77,1,Male,B
5.78,1,Male,B
5.79,1,Male,B
5.80,1,Male,B
5.81,1,Male,B
5.82,1,Male,B
5.83,1,Male,B
5.84,1,Male,B
5.85,1,Male,B
5.86,1,Male,B
5.87,1,Male,B
5.88,1,Male,B
5.89,1,Male,B
5.90,1,Male,B
5.91,1,Male,B
5.92,1,Male,B
5.93,1,Male,B
5.94,1,Male,B
5.95,1,Male,B
5.96,1,Male,B
5.97,1,Male,B
5.98,1,Male,B
5.99,1,Male,B
5.100,1,Male,B
5.101,1,Male,B
5.102,1,Male,B
5.103,1,Male,B
5.104,1,Male,B
5.105,1,Male,B
5.106,1,Male,B
5.107,1,Male,B
5.108,1,Male,B
5.109,1,Male,B
5.110,1,Male,B
5.111,1,Male,B
5.112,1,Male,B
5.113,1,Male,B
5.114,1,Male,B
5.115,1,Male,B
5.116,1,Male,B
5.117,1,Male,B
5.118,1,Male,B
5.119,1,Male,B
5.120,1,Male,B
5.121,1,Male,B
5.122,1,Male,B
5.123,1,Male,B
5.124,1,Male,B
5.125,1,Male,B
5.126,1,Male,B
5.127,1,Male,B
5.128,1,Male,B
5.129,1,Male,B
5.130,1,Male,B
5.131,1,Male,B
5.132,1,Male,B
5.133,1,Male,B
5.134,1,Male,B
5.135,1,Male,B
5.136,1,Male,B
5.137,1,Male,B
5.138,1,Male,B
5.139,1,Male,B
5.140,1,Male,B
5.141,1,Male,B
5.142,1,Male,B
5.143,1,Male,B
5.144,1,Male,B
5.145,1,Male,B
5.146,1,Male,B
5.147,1,Male,B
5.148,1,Male,B
5.149,1,Male,B
5.150,1,Male,B
5.151,1,Male,B
5.152,1,Male,B
5.153,1,Male,B
5.154,1,Male,B
5.155,1,Male,B
5.156,1,Male,B
5.157,1,Male,B
5.158,1,Male,B
5.159,1,Male,B
5.160,1,Male,B
5.161,1,Male,B
5.162,1,Male,B
5.163,1,Male,B
5.164,1,Male,B
5.165,1,Male,B
5.166,1,Male,B
5.167,1,Male,B
5.168,1,Male,B
5.169,1,Male,B
5.170,1,Male,B
5.171,1,Male,B
5.172,1,Male,B
5.173,1,Male,B
5.174,1,Male,B
5.175,1,Male,B
5.176,1,Male,B
5.177,1,Male,B
5.178,1,Male,B
5.179,1,Male,B
5.180,1,Male,B
5.181,1,Male,B
5.182,1,Male,B
5.183,1,Male,B
5.184,1,Male,B
5.185,1,Male,B
5.186,1,Male,B
5.187,1,Male,B
5.188,1,Male,B
5.189,1,Male,B
5.190,1,Male,B
5.191,1,Male,B
5.192,1,Male,B
5.193,1,Male,B
5.194,1,Male,B
5.195,1,Male,B
5.196,1,Male,B
5.197,1,Male,B
5.198,1,Male,B
5.199,1,Male,B
5.200,1,Male,B
5.201,1,Male,B
5.202,1,Male,B
5.203,1,Male,B
5.204,1,Male,B
5.205,1,Male,B
5.206,1,Male,B
5.207,1,Male,B
5.208,1,Male,B
5.209,1,Male,B
5.210,1,Male,B
5.211,1,Male,B
5.212,1,Male,B
5.213,1,Male,B
5.214,1,Male,B
5.215,1,Male,B
5.216,1,Male,B
5.217,1,Male,B
5.218,1,Male,B
5.219,1,Male,B
5.220,1,Male,B
5.221,1,Male,B
5.222,1,Male,B
5.223,1,Male,B
5.224,1,Male,B
5.225,1,Male,B
5.226,1,Male,B
5.227,1,Male,B
5.228,1,Male,B
5.229,1,Male,B
5.230,1,Male,B
5.231,1,Male,B
5.232,1,Male,B
5.233,1,Male,B
5.234,1,Male,B
5.235,1,Male,B
5.236,1,Male,B
5.237,1,Male,B
5.238,1,Male,B
5.239,1,Male,B
5.240,1,Male,B
5.241,1,Male,B
5.242,1,Male,B
5.243,1,Male,B
5.244,1,Male,B
5.245,1,Male,B
5.246,1,Male,B
5.247,1,Male,B
5.248,1,Male,B
5.249,1,Male,B
5.250,1,Male,B
5.251,1,Male,B
5.252,1,Male,B
5.253,1,Male,B
5.254,1,Male,B
5.255,1,Male,B
5.256,1,Male,B
5.257,1,Male,B
5.258,1,Male,B
5.259,1,Male,B
5.260,1,Male,B
5.261,1,Male,B
5.262,1,Male,B
5.263,1,Male,B
5.264,1,Male,B
5.265,1,Male,B
5.266,1,Male,B
5.267,1,Male,B
5.268,1,Male,B
5.269,1,Male,B
5.270,1,Male,B
5.271,1,Male,B
5.272,1,Male,B
5.273,1,Male,B
5.274,1,Male,B
5.275,1,Male,B
5.276,1,Male,B
5.277,1,Male,B
5.278,1,Male,B
5.279,1,Male,B
5.280,1,Male,B
5.281,1,Male,B
5.282,1,Male,B
5.283,1,Male,B
5.284,1,Male,B
5.285,1,Male,B
5.286,1,Male,B
5.287,1,Male,B
5.288,1,Male,B
5.289,1,Male,B
5.290,1,Male,B
5.291,1,Male,B
5.292,1,Male,B
5.293,1,Male,B
5.294,1,Male,B
5.295,1,Male,B
5.296,1,Male,B
5.297,1,Male,B
5.298,1,Male,B
5.299,1,Male,B
5.300,1,Male,B
5.301,1,Male,B
5.302,1,Male,B
5.303,1,Male,B
5.304,1,Male,B
5.305,1,Male,B
5.306,1,Male,B
5.307,1,Male,B
5.308,1,Male,B
5.309,1,Male,B
5.310,1,Male,B
5.311,1,Male,B
5.312,1,Male,B
5.313,1,Male,B
5.314,1,Male,B
5.315,1,Male,B
5.316,1,Male,B
5.317,1,Male,B
5.318,1,Male,B
5.319,1,Male,B
5.320,1,Male,B
5.321,1,Male,B
5.322,1,Male,B
5.323,1,Male,B
5.324,1,Male,B
5.325,1,Male,B
5.326,1,Male,B
5.327,1,Male,B
5.328,1,Male,B
5.329,1,Male,B
5.330,1,Male,B
5.331,1,Male,B
5.332,1,Male,B
5.333,1,Male,B
5.334,1,Male,B
5.335,1,Male,B
5.336,1,Male,B
5.337,1,Male,B
5.338,1,Male,B
5.339,1,Male,B
5.340,1,Male,B
5.341,1,Male,B
5.342,1,Male,B
5.343,1,Male,B
5.344,1,Male,B
5.345,1,Male,B
5.346,1,Male,B
5.347,1,Male,B
5.348,1,Male,B
5.349,1,Male,B
5.350,1,Male,B
5.351,1,Male,B
5.352,1,Male,B
6,0,Male,B
6.1,0,Male,B
6.2,0,Male,B
6.3,0,Male,B
6.4,0,Male,B
6.5,0,Male,B
6.6,0,Male,B
6.7,0,Male,B
6.8,0,Male,B
6.9,0,Male,B
6.10,0,Male,B
6.11,0,Male,B
6.12,0,Male,B
6.13,0,Male,B
6.14,0,Male,B
6.15,0,Male,B
6.16,0,Male,B
6.17,0,Male,B
6.18,0,Male,B
6.19,0,Male,B
6.20,0,Male,B
6.21,0,Male,B
6.22,0,Male,B
6.23,0,Male,B
6.24,0,Male,B
6.25,0,Male,B
6.26,0,Male,B
6.27,0,Male,B
6.28,0,Male,B
6.29,0,Male,B
6.30,0,Male,B
6.31,0,Male,B
6.32,0,Male,B
6.33,0,Male,B
6.34,0,Male,B
6.35,0,Male,B
6.36,0,Male,B
6.37,0,Male,B
6.38,0,Male,B
6.39,0,Male,B
6.40,0,Male,B
6.41,0,Male,B
6.42,0,Male,B
6.43,0,Male,B
6.44,0,Male,B
6.45,0,Male,B
6.46,0,Male,B
6.47,0,Male,B
6.48,0,Male,B
6.49,0,Male,B
6.50,0,Male,B
6.51,0,Male,B
6.52,0,Male,B
6.53,0,Male,B
6.54,0,Male,B
6.55,0,Male,B
6.56,0,Male,B
6.57,0,Male,B
6.58,0,Male,B
6.59,0,Male,B
6.60,0,Male,B
6.61,0,Male,B
6.62,0,Male,B
6.63,0,Male,B
6.64,0,Male,B
6.65,0,Male,B
6.66,0,Male,B
6.67,0,Male,B
6.68,0,Male,B
6.69,0,Male,B
6.70,0,Male,B
6.71,0,Male,B
6.72,0,Male,B
6.73,0,Male,B
6.74,0,Male,B
6.75,0,Male,B
6.76,0,Male,B
6.77,0,Male,B
6.78,0,Male,B
6.79,0,Male,B
6.80,0,Male,B
6.81,0,Male,B
6.82,0,Male,B
6.83,0,Male,B
6.84,0,Male,B
6.85,0,Male,B
6.86,0,Male,B
6.87,0,Male,B
6.88,0,Male,B
6.89,0,Male,B
6.90,0,Male,B
6.91,0,Male,B
6.92,0,Male,B
6.93,0,Male,B
6.94,0,Male,B
6.95,0,Male,B
6.96,0,Male,B
6.97,0,Male,B
6.98,0,Male,B
6.99,0,Male,B
6.100,0,Male,B
6.101,0,Male,B
6.102,0,Male,B
6.103,0,Male,B
6.104,0,Male,B
6.105,0,Male,B
6.106,0,Male,B
6.107,0,Male,B
6.108,0,Male,B
6.109,0,Male,B
6.110,0,Male,B
6.111,0,Male,B
6.112,0,Male,B
6.113,0,Male,B
6.114,0,Male,B
6.115,0,Male,B
6.116,0,Male,B
6.117,0,Male,B
6.118,0,Male,B
6.119,0,Male,B
6.120,0,Male,B
6.121,0,Male,B
6.122,0,Male,B
6.123,0,Male,B
6.124,0,Male,B
6.125,0,Male,B
6.126,0,Male,B
6.127,0,Male,B
6.128,0,Male,B
6.129,0,Male,B
6.130,0,Male,B
6.131,0,Male,B
6.132,0,Male,B
6.133,0,Male,B
6.134,0,Male,B
6.135,0,Male,B
6.136,0,Male,B
6.137,0,Male,B
6.138,0,Male,B
6.139,0,Male,B
6.140,0,Male,B
6.141,0,Male,B
6.142,0,Male,B
6.143,0,Male,B
6.144,0,Male,B
6.145,0,Male,B
6.146,0,Male,B
6.147,0,Male,B
6.148,0,Male,B
6.149,0,Male,B
6.150,0,Male,B
6.151,0,Male,B
6.152,0,Male,B
6.153,0,Male,B
6.154,0,Male,B
6.155,0,Male,B
6.156,0,Male,B
6.157,0,Male,B
6.158,0,Male,B
6.159,0,Male,B
6.160,0,Male,B
6.161,0,Male,B
6.162,0,Male,B
6.163,0,Male,B
6.164,0,Male,B
6.165,0,Male,B
6.166,0,Male,B
6.167,0,Male,B
6.168,0,Male,B
6.169,0,Male,B
6.170,0,Male,B
6.171,0,Male,B
6.172,0,Male,B
6.173,0,Male,B
6.174,0,Male,B
6.175,0,Male,B
6.176,0,Male,B
6.177,0,Male,B
6.178,0,Male,B
6.179,0,Male,B
6.180,0,Male,B
6.181,0,Male,B
6.182,0,Male,B
6.183,0,Male,B
6.184,0,Male,B
6.185,0,Male,B
6.186,0,Male,B
6.187,0,Male,B
6.188,0,Male,B
6.189,0,Male,B
6.190,0,Male,B
6.191,0,Male,B
6.192,0,Male,B
6.193,0,Male,B
6.194,0,Male,B
6.195,0,Male,B
6.196,0,Male,B
6.197,0,Male,B
6.198,0,Male,B
6.199,0,Male,B
6.200,0,Male,B
6.201,0,Male,B
6.202,0,Male,B
6.203,0,Male,B
6.204,0,Male,B
6.205,0,Male,B
6.206,0,Male,B
7,1,Female,B
7.1,1,Female,B
7.2,1,Female,B
7.3,1,Female,B
7.4,1,Female,B
7.5,1,Female,B
7.6,1,Female,B
7.7,1,Female,B
7.8,1,Female,B
7.9,1,Female,B
7.10,1,Female,B
7.11,1,Female,B
7.12,1,Female,B
7.13,1,Female,B
7.14,1,Female,B
7.15,1,Female,B
7.16,1,Female,B
8,0,Female,B
8.1,0,Female,B
8.2,0,Female,B
8.3,0,Female,B
8.4,0,Female,B
8.5,0,Female,B
8.6,0,Female,B
8.7,0,Female,B
9,1,Male,C
9.1,1,Male,C
9.2,1,Male,C
9.3,1,Male,C
9.4,1,Male,C
9.5,1,Male,C
9.6,1,Male,C
9.7,1,Male,C
9.8,1,Male,C
9.9,1,Male,C
9.10,1,Male,C
9.11,1,Male,C
9.12,1,Male,C
9.13,1,Male,C
9.14,1,Male,C
9.15,1,Male,C
9.16,1,Male,C
9.17,1,Male,C
9.18,1,Male,C
9.19,1,Male,C
9.20,1,Male,C
9.21,1,Male,C
9.22,1,Male,C
9.23,1,Male,C
9.24,1,Male,C
9.25,1,Male,C
9.26,1,Male,C
9.27,1,Male,C
9.28,1,Male,C
9.29,1,Male,C
9.30,1,Male,C
9.31,1,Male,C
9.32,1,Male,C
9.33,1,Male,C
9.34,1,Male,C
9.35,1,Male,C
9.36,1,Male,C
9.37,1,Male,C
9.38,1,Male,C
9.39,1,Male,C
9.40,1,Male,C
9.41,1,Male,C
9.42,1,Male,C
9.43,1,Male,C
9.44,1,Male,C
9.45,1,Male,C
9.46,1,Male,C
9.47,1,Male,C
9.48,1,Male,C
9.49,1,Male,C
9.50,1,Male,C
9.51,1,Male,C
9.52,1,Male,C
9.53,1,Male,C
9.54,1,Male,C
9.55,1,Male,C
9.56,1,Male,C
9.57,1,Male,C
9.58,1,Male,C
9.59,1,Male,C
9.60,1,Male,C
9.61,1,Male,C
9.62,1,Male,C
9.63,1,Male,C
9.64,1,Male,C
9.65,1,Male,C
9.66,1,Male,C
9.67,1,Male,C
9.68,1,Male,C
9.69,1,Male,C
9.70,1,Male,C
9.71,1,Male,C
9.72,1,Male,C
9.73,1,Male,C
9.74,1,Male,C
9.75,1,Male,C
9.76,1,Male,C
9.77,1,Male,C
9.78,1,Male,C
9.79,1,Male,C
9.80,1,Male,C
9.81,1,Male,C
9.82,1,Male,C
9.83,1,Male,C
9.84,1,Male,C
9.85,1,Male,C
9.86,1,Male,C
9.87,1,Male,C
9.88,1,Male,C
9.89,1,Male,C
9.90,1,Male,C
9.91,1,Male,C
9.92,1,Male,C
9.93,1,Male,C
9.94,1,Male,C
9.95,1,Male,C
9.96,1,Male,C
9.97,1,Male,C
9.98,1,Male,C
9.99,1,Male,C
9.100,1,Male,C
9.101,1,Male,C
9.102,1,Male,C
9.103,1,Male,C
9.104,1,Male,C
9.105,1,Male,C
9.106,1,Male,C
9.107,1,Male,C
9.108,1,Male,C
9.109,1,Male,C
9.110,1,Male,C
9.111,1,Male,C
9.112,1,Male,C
9.113,1,Male,C
9.114,1,Male,C
9.115,1,Male,C
9.116,1,Male,C
9.117,1,Male,C
9.118,1,Male,C
9.119,1,Male,C
10,0,Male,C
10.1,0,Male,C
10.2,0,Male,C
10.3,0,Male,C
10.4,0,Male,C
10.5,0,Male,C
10.6,0,Male,C
10.7,0,Male,C
10.8,0,Male,C
10.9,0,Male,C
10.10,0,Male,C
10.11,0,Male,C
10.12,0,Male,C
10.13,0,Male,C
10.14,0,Male,C
10.15,0,Male,C
10.16,0,Male,C
10.17,0,Male,C
10.18,0,Male,C
10.19,0,Male,C
10.20,0,Male,C
10.21,0,Male,C
10.22,0,Male,C
10.23,0,Male,C
10.24,0,Male,C
10.25,0,Male,C
10.26,0,Male,C
10.27,0,Male,C
10.28,0,Male,C
10.29,0,Male,C
10.30,0,Male,C
10.31,0,Male,C
10.32,0,Male,C
10.33,0,Male,C
10.34,0,Male,C
10.35,0,Male,C
10.36,0,Male,C
10.37,0,Male,C
10.38,0,Male,C
10.39,0,Male,C
10.40,0,Male,C
10.41,0,Male,C
10.42,0,Male,C
10.43,0,Male,C
10.44,0,Male,C
10.45,0,Male,C
10.46,0,Male,C
10.47,0,Male,C
10.48,0,Male,C
10.49,0,Male,C
10.50,0,Male,C
10.51,0,Male,C
10.52,0,Male,C
10.53,0,Male,C
10.54,0,Male,C
10.55,0,Male,C
10.56,0,Male,C
10.57,0,Male,C
10.58,0,Male,C
10.59,0,Male,C
10.60,0,Male,C
10.61,0,Male,C
10.62,0,Male,C
10.63,0,Male,C
10.64,0,Male,C
10.65,0,Male,C
10.66,0,Male,C
10.67,0,Male,C
10.68,0,Male,C
10.69,0,Male,C
10.70,0,Male,C
10.71,0,Male,C
10.72,0,Male,C
10.73,0,Male,C
10.74,0,Male,C
10.75,0,Male,C
10.76,0,Male,C
10.77,0,Male,C
10.78,0,Male,C
10.79,0,Male,C
10.80,0,Male,C
10.81,0,Male,C
10.82,0,Male,C
10.83,0,Male,C
10.84,0,Male,C
10.85,0,Male,C
10.86,0,Male,C
10.87,0,Male,C
10.88,0,Male,C
10.89,0,Male,C
10.90,0,Male,C
10.91,0,Male,C
10.92,0,Male,C
10.93,0,Male,C
10.94,0,Male,C
10.95,0,Male,C
10.96,0,Male,C
10.97,0,Male,C
10.98,0,Male,C
10.99,0,Male,C
10.100,0,Male,C
10.101,0,Male,C
10.102,0,Male,C
10.103,0,Male,C
10.104,0,Male,C
10.105,0,Male,C
10.106,0,Male,C
10.107,0,Male,C
10.108,0,Male,C
10.109,0,Male,C
10.110,0,Male,C
10.111,0,Male,C
10.112,0,Male,C
10.113,0,Male,C
10.114,0,Male,C
10.115,0,Male,C
10.116,0,Male,C
10.117,0,Male,C
10.118,0,Male,C
10.119,0,Male,C
10.120,0,Male,C
10.121,0,Male,C
10.122,0,Male,C
10.123,0,Male,C
10.124,0,Male,C
10.125,0,Male,C
10.126,0,Male,C
10.127,0,Male,C
10.128,0,Male,C
10.129,0,Male,C
10.130,0,Male,C
10.131,0,Male,C
10.132,0,Male,C
10.133,0,Male,C
10.134,0,Male,C
10.135,0,Male,C
10.136,0,Male,C
10.137,0,Male,C
10.138,0,Male,C
10.139,0,Male,C
10.140,0,Male,C
10.141,0,Male,C
10.142,0,Male,C
10.143,0,Male,C
10.144,0,Male,C
10.145,0,Male,C
10.146,0,Male,C
10.147,0,Male,C
10.148,0,Male,C
10.149,0,Male,C
10.150,0,Male,C
10.151,0,Male,C
10.152,0,Male,C
10.153,0,Male,C
10.154,0,Male,C
10.155,0,Male,C
10.156,0,Male,C
10.157,0,Male,C
10.158,0,Male,C
10.159,0,Male,C
10.160,0,Male,C
10.161,0,Male,C
10.162,0,Male,C
10.163,0,Male,C
10.164,0,Male,C
10.165,0,Male,C
10.166,0,Male,C
10.167,0,Male,C
10.168,0,Male,C
10.169,0,Male,C
10.170,0,Male,C
10.171,0,Male,C
10.172,0,Male,C
10.173,0,Male,C
10.174,0,Male,C
10.175,0,Male,C
10.176,0,Male,C
10.177,0,Male,C
10.178,0,Male,C
10.179,0,Male,C
10.180,0,Male,C
10.181,0,Male,C
10.182,0,Male,C
10.183,0,Male,C
10.184,0,Male,C
10.185,0,Male,C
10.186,0,Male,C
10.187,0,Male,C
10.188,0,Male,C
10.189,0,Male,C
10.190,0,Male,C
10.191,0,Male,C
10.192,0,Male,C
10.193,0,Male,C
10.194,0,Male,C
10.195,0,Male,C
10.196,0,Male,C
10.197,0,Male,C
10.198,0,Male,C
10.199,0,Male,C
10.200,0,Male,C
10.201,0,Male,C
10.202,0,Male,C
10.203,0,Male,C
10.204,0,Male,C
11,1,Female,C
11.1,1,Female,C
11.2,1,Female,C
11.3,1,Female,C
11.4,1,Female,C
11.5,1,Female,C
11.6,1,Female,C
11.7,1,Female,C
11.8,1,Female,C
11.9,1,Female,C
11.10,1,Female,C
11.11,1,Female,C
11.12,1,Female,C
11.13,1,Female,C
11.14,1,Female,C
11.15,1,Female,C
11.16,1,Female,C
11.17,1,Female,C
11.18,1,Female,C
11.19,1,Female,C
11.20,1,Female,C
11.21,1,Female,C
11.22,1,Female,C
11.23,1,Female,C
11.24,1,Female,C
11.25,1,Female,C
11.26,1,Female,C
11.27,1,Female,C
11.28,1,Female,C
11.29,1,Female,C
11.30,1,Female,C
11.31,1,Female,C
11.32,1,Female,C
11.33,1,Female,C
11.34,1,Female,C
11.35,1,Female,C
11.36,1,Female,C
11.37,1,Female,C
11.38,1,Female,C
11.39,1,Female,C
11.40,1,Female,C
11.41,1,Female,C
11.42,1,Female,C
11.43,1,Female,C
11.44,1,Female,C
11.45,1,Female,C
11.46,1,Female,C
11.47,1,Female,C
11.48,1,Female,C
11.49,1,Female,C
11.50,1,Female,C
11.51,1,Female,C
11.52,1,Female,C
11.53,1,Female,C
11.54,1,Female,C
11.55,1,Female,C
11.56,1,Female,C
11.57,1,Female,C
11.58,1,Female,C
11.59,1,Female,C
11.60,1,Female,C
11.61,1,Female,C
11.62,1,Female,C
11.63,1,Female,C
11.64,1,Female,C
11.65,1,Female,C
11.66,1,Female,C
11.67,1,Female,C
11.68,1,Female,C
11.69,1,Female,C
11.70,1,Female,C
11.71,1,Female,C
11.72,1,Female,C
11.73,1,Female,C
11.74,1,Female,C
11.75,1,Female,C
11.76,1,Female,C
11.77,1,Female,C
11.78,1,Female,C
11.79,1,Female,C
11.80,1,Female,C
11.81,1,Female,C
11.82,1,Female,C
11.83,1,Female,C
11.84,1,Female,C
11.85,1,Female,C
11.86,1,Female,C
11.87,1,Female,C
11.88,1,Female,C
11.89,1,Female,C
11.90,1,Female,C
11.91,1,Female,C
11.92,1,Female,C
11.93,1,Female,C
11.94,1,Female,C
11.95,1,Female,C
11.96,1,Female,C
11.97,1,Female,C
11.98,1,Female,C
11.99,1,Female,C
11.100,1,Female,C
11.101,1,Female,C
11.102,1,Female,C
11.103,1,Female,C
11.104,1,Female,C
11.105,1,Female,C
11.106,1,Female,C
11.107,1,Female,C
11.108,1,Female,C
11.109,1,Female,C
11.110,1,Female,C
11.111,1,Female,C
11.112,1,Female,C
11.113,1,Female,C
11.114,1,Female,C
11.115,1,Female,C
11.116,1,Female,C
11.117,1,Female,C
11.118,1,Female,C
11.119,1,Female,C
11.120,1,Female,C
11.121,1,Female,C
11.122,1,Female,C
11.123,1,Female,C
11.124,1,Female,C
11.125,1,Female,C
11.126,1,Female,C
11.127,1,Female,C
11.128,1,Female,C
11.129,1,Female,C
11.130,1,Female,C
11.131,1,Female,C
11.132,1,Female,C
11.133,1,Female,C
11.134,1,Female,C
11.135,1,Female,C
11.136,1,Female,C
11.137,1,Female,C
11.138,1,Female,C
11.139,1,Female,C
11.140,1,Female,C
11.141,1,Female,C
11.142,1,Female,C
11.143,1,Female,C
11.144,1,Female,C
11.145,1,Female,C
11.146,1,Female,C
11.147,1,Female,C
11.148,1,Female,C
11.149,1,Female,C
11.150,1,Female,C
11.151,1,Female,C
11.152,1,Female,C
11.153,1,Female,C
11.154,1,Female,C
11.155,1,Female,C
11.156,1,Female,C
11.157,1,Female,C
11.158,1,Female,C
11.159,1,Female,C
11.160,1,Female,C
11.161,1,Female,C
11.162,1,Female,C
11.163,1,Female,C
11.164,1,Female,C
11.165,1,Female,C
11.166,1,Female,C
11.167,1,Female,C
11.168,1,Female,C
11.169,1,Female,C
11.170,1,Female,C
11.171,1,Female,C
11.172,1,Female,C
11.173,1,Female,C
11.174,1,Female,C
11.175,1,Female,C
11.176,1,Female,C
11.177,1,Female,C
11.178,1,Female,C
11.179,1,Female,C
11.180,1,Female,C
11.181,1,Female,C
11.182,1,Female,C
11.183,1,Female,C
11.184,1,Female,C
11.185,1,Female,C
11.186,1,Female,C
11.187,1,Female,C
11.188,1,Female,C
11.189,1,Female,C
11.190,1,Female,C
11.191,1,Female,C
11.192,1,Female,C
11.193,1,Female,C
11.194,1,Female,C
11.195,1,Female,C
11.196,1,Female,C
11.197,1,Female,C
11.198,1,Female,C
11.199,1,Female,C
11.200,1,Female,C
11.201,1,Female,C
12,0,Female,C
12.1,0,Female,C
12.2,0,Female,C
12.3,0,Female,C
12.4,0,Female,C
12.5,0,Female,C
12.6,0,Female,C
12.7,0,Female,C
12.8,0,Female,C
12.9,0,Female,C
12.10,0,Female,C
12.11,0,Female,C
12.12,0,Female,C
12.13,0,Female,C
12.14,0,Female,C
12.15,0,Female,C
12.16,0,Female,C
12.17,0,Female,C
12.18,0,Female,C
12.19,0,Female,C
12.20,0,Female,C
12.21,0,Female,C
12.22,0,Female,C
12.23,0,Female,C
12.24,0,Female,C
12.25,0,Female,C
12.26,0,Female,C
12.27,0,Female,C
12.28,0,Female,C
12.29,0,Female,C
12.30,0,Female,C
12.31,0,Female,C
12.32,0,Female,C
12.33,0,Female,C
12.34,0,Female,C
12.35,0,Female,C
12.36,0,Female,C
12.37,0,Female,C
12.38,0,Female,C
12.39,0,Female,C
12.40,0,Female,C
12.41,0,Female,C
12.42,0,Female,C
12.43,0,Female,C
12.44,0,Female,C
12.45,0,Female,C
12.46,0,Female,C
12.47,0,Female,C
12.48,0,Female,C
12.49,0,Female,C
12.50,0,Female,C
12.51,0,Female,C
12.52,0,Female,C
12.53,0,Female,C
12.54,0,Female,C
12.55,0,Female,C
12.56,0,Female,C
12.57,0,Female,C
12.58,0,Female,C
12.59,0,Female,C
12.60,0,Female,C
12.61,0,Female,C
12.62,0,Female,C
12.63,0,Female,C
12.64,0,Female,C
12.65,0,Female,C
12.66,0,Female,C
12.67,0,Female,C
12.68,0,Female,C
12.69,0,Female,C
12.70,0,Female,C
12.71,0,Female,C
12.72,0,Female,C
12.73,0,Female,C
12.74,0,Female,C
12.75,0,Female,C
12.76,0,Female,C
12.77,0,Female,C
12.78,0,Female,C
12.79,0,Female,C
12.80,0,Female,C
12.81,0,Female,C
12.82,0,Female,C
12.83,0,Female,C
12.84,0,Female,C
12.85,0,Female,C
12.86,0,Female,C
12.87,0,Female,C
12.88,0,Female,C
12.89,0,Female,C
12.90,0,Female,C
12.91,0,Female,C
12.92,0,Female,C
12.93,0,Female,C
12.94,0,Female,C
12.95,0,Female,C
12.96,0,Female,C
12.97,0,Female,C
12.98,0,Female,C
12.99,0,Female,C
12.100,0,Female,C
12.101,0,Female,C
12.102,0,Female,C
12.103,0,Female,C
12.104,0,Female,C
12.105,0,Female,C
12.106,0,Female,C
12.107,0,Female,C
12.108,0,Female,C
12.109,0,Female,C
12.110,0,Female,C
12.111,0,Female,C
12.112,0,Female,C
12.113,0,Female,C
12.114,0,Female,C
12.115,0,Female,C
12.116,0,Female,C
12.117,0,Female,C
12.118,0,Female,C
12.119,0,Female,C
12.120,0,Female,C
12.121,0,Female,C
12.122,0,Female,C
12.123,0,Female,C
12.124,0,Female,C
12.125,0,Female,C
12.126,0,Female,C
12.127,0,Female,C
12.128,0,Female,C
12.129,0,Female,C
12.130,0,Female,C
12.131,0,Female,C
12.132,0,Female,C
12.133,0,Female,C
12.134,0,Female,C
12.135,0,Female,C
12.136,0,Female,C
12.137,0,Female,C
12.138,0,Female,C
12.139,0,Female,C
12.140,0,Female,C
12.141,0,Female,C
12.142,0,Female,C
12.143,0,Female,C
12.144,0,Female,C
12.145,0,Female,C
12.146,0,Female,C
12.147,0,Female,C
12.148,0,Female,C
12.149,0,Female,C
12.150,0,Female,C
12.151,0,Female,C
12.152,0,Female,C
12.153,0,Female,C
12.154,0,Female,C
12.155,0,Female,C
12.156,0,Female,C
12.157,0,Female,C
12.158,0,Female,C
12.159,0,Female,C
12.160,0,Female,C
12.161,0,Female,C
12.162,0,Female,C
12.163,0,Female,C
12.164,0,Female,C
12.165,0,Female,C
12.166,0,Female,C
12.167,0,Female,C
12.168,0,Female,C
12.169,0,Female,C
12.170,0,Female,C
12.171,0,Female,C
12.172,0,Female,C
12.173,0,Female,C
12.174,0,Female,C
12.175,0,Female,C
12.176,0,Female,C
12.177,0,Female,C
12.178,0,Female,C
12.179,0,Female,C
12.180,0,Female,C
12.181,0,Female,C
12.182,0,Female,C
12.183,0,Female,C
12.184,0,Female,C
12.185,0,Female,C
12.186,0,Female,C
12.187,0,Female,C
12.188,0,Female,C
12.189,0,Female,C
12.190,0,Female,C
12.191,0,Female,C
12.192,0,Female,C
12.193,0,Female,C
12.194,0,Female,C
12.195,0,Female,C
12.196,0,Female,C
12.197,0,Female,C
12.198,0,Female,C
12.199,0,Female,C
12.200,0,Female,C
12.201,0,Female,C
12.202,0,Female,C
12.203,0,Female,C
12.204,0,Female,C
12.205,0,Female,C
12.206,0,Female,C
12.207,0,Female,C
12.208,0,Female,C
12.209,0,Female,C
12.210,0,Female,C
12.211,0,Female,C
12.212,0,Female,C
12.213,0,Female,C
12.214,0,Female,C
12.215,0,Female,C
12.216,0,Female,C
12.217,0,Female,C
12.218,0,Female,C
12.219,0,Female,C
12.220,0,Female,C
12.221,0,Female,C
12.222,0,Female,C
12.223,0,Female,C
12.224,0,Female,C
12.225,0,Female,C
12.226,0,Female,C
12.227,0,Female,C
12.228,0,Female,C
12.229,0,Female,C
12.230,0,Female,C
12.231,0,Female,C
12.232,0,Female,C
12.233,0,Female,C
12.234,0,Female,C
12.235,0,Female,C
12.236,0,Female,C
12.237,0,Female,C
12.238,0,Female,C
12.239,0,Female,C
12.240,0,Female,C
12.241,0,Female,C
12.242,0,Female,C
12.243,0,Female,C
12.244,0,Female,C
12.245,0,Female,C
12.246,0,Female,C
12.247,0,Female,C
12.248,0,Female,C
12.249,0,Female,C
12.250,0,Female,C
12.251,0,Female,C
12.252,0,Female,C
12.253,0,Female,C
12.254,0,Female,C
12.255,0,Female,C
12.256,0,Female,C
12.257,0,Female,C
12.258,0,Female,C
12.259,0,Female,C
12.260,0,Female,C
12.261,0,Female,C
12.262,0,Female,C
12.263,0,Female,C
12.264,0,Female,C
12.265,0,Female,C
12.266,0,Female,C
12.267,0,Female,C
12.268,0,Female,C
12.269,0,Female,C
12.270,0,Female,C
12.271,0,Female,C
12.272,0,Female,C
12.273,0,Female,C
12.274,0,Female,C
12.275,0,Female,C
12.276,0,Female,C
12.277,0,Female,C
12.278,0,Female,C
12.279,0,Female,C
12.280,0,Female,C
12.281,0,Female,C
12.282,0,Female,C
12.283,0,Female,C
12.284,0,Female,C
12.285,0,Female,C
12.286,0,Female,C
12.287,0,Female,C
12.288,0,Female,C
12.289,0,Female,C
12.290,0,Female,C
12.291,0,Female,C
12.292,0,Female,C
12.293,0,Female,C
12.294,0,Female,C
12.295,0,Female,C
12.296,0,Female,C
12.297,0,Female,C
12.298,0,Female,C
12.299,0,Female,C
12.300,0,Female,C
12.301,0,Female,C
12.302,0,Female,C
12.303,0,Female,C
12.304,0,Female,C
12.305,0,Female,C
12.306,0,Female,C
12.307,0,Female,C
12.308,0,Female,C
12.309,0,Female,C
12.310,0,Female,C
12.311,0,Female,C
12.312,0,Female,C
12.313,0,Female,C
12.314,0,Female,C
12.315,0,Female,C
12.316,0,Female,C
12.317,0,Female,C
12.318,0,Female,C
12.319,0,Female,C
12.320,0,Female,C
12.321,0,Female,C
12.322,0,Female,C
12.323,0,Female,C
12.324,0,Female,C
12.325,0,Female,C
12.326,0,Female,C
12.327,0,Female,C
12.328,0,Female,C
12.329,0,Female,C
12.330,0,Female,C
12.331,0,Female,C
12.332,0,Female,C
12.333,0,Female,C
12.334,0,Female,C
12.335,0,Female,C
12.336,0,Female,C
12.337,0,Female,C
12.338,0,Female,C
12.339,0,Female,C
12.340,0,Female,C
12.341,0,Female,C
12.342,0,Female,C
12.343,0,Female,C
12.344,0,Female,C
12.345,0,Female,C
12.346,0,Female,C
12.347,0,Female,C
12.348,0,Female,C
12.349,0,Female,C
12.350,0,Female,C
12.351,0,Female,C
12.352,0,Female,C
12.353,0,Female,C
12.354,0,Female,C
12.355,0,Female,C
12.356,0,Female,C
12.357,0,Female,C
12.358,0,Female,C
12.359,0,Female,C
12.360,0,Female,C
12.361,0,Female,C
12.362,0,Female,C
12.363,0,Female,C
12.364,0,Female,C
12.365,0,Female,C
12.366,0,Female,C
12.367,0,Female,C
12.368,0,Female,C
12.369,0,Female,C
12.370,0,Female,C
12.371,0,Female,C
12.372,0,Female,C
12.373,0,Female,C
12.374,0,Female,C
12.375,0,Female,C
12.376,0,Female,C
12.377,0,Female,C
12.378,0,Female,C
12.379,0,Female,C
12.380,0,Female,C
12.381,0,Female,C
12.382,0,Female,C
12.383,0,Female,C
12.384,0,Female,C
12.385,0,Female,C
12.386,0,Female,C
12.387,0,Female,C
12.388,0,Female,C
12.389,0,Female,C
12.390,0,Female,C
13,1,Male,D
13.1,1,Male,D
13.2,1,Male,D
13.3,1,Male,D
13.4,1,Male,D
13.5,1,Male,D
13.6,1,Male,D
13.7,1,Male,D
13.8,1,Male,D
13.9,1,Male,D
13.10,1,Male,D
13.11,1,Male,D
13.12,1,Male,D
13.13,1,Male,D
13.14,1,Male,D
13.15,1,Male,D
13.16,1,Male,D
13.17,1,Male,D
13.18,1,Male,D
13.19,1,Male,D
13.20,1,Male,D
13.21,1,Male,D
13.22,1,Male,D
13.23,1,Male,D
13.24,1,Male,D
13.25,1,Male,D
13.26,1,Male,D
13.27,1,Male,D
13.28,1,Male,D
13.29,1,Male,D
13.30,1,Male,D
13.31,1,Male,D
13.32,1,Male,D
13.33,1,Male,D
13.34,1,Male,D
13.35,1,Male,D
13.36,1,Male,D
13.37,1,Male,D
13.38,1,Male,D
13.39,1,Male,D
13.40,1,Male,D
13.41,1,Male,D
13.42,1,Male,D
13.43,1,Male,D
13.44,1,Male,D
13.45,1,Male,D
13.46,1,Male,D
13.47,1,Male,D
13.48,1,Male,D
13.49,1,Male,D
13.50,1,Male,D
13.51,1,Male,D
13.52,1,Male,D
13.53,1,Male,D
13.54,1,Male,D
13.55,1,Male,D
13.56,1,Male,D
13.57,1,Male,D
13.58,1,Male,D
13.59,1,Male,D
13.60,1,Male,D
13.61,1,Male,D
13.62,1,Male,D
13.63,1,Male,D
13.64,1,Male,D
13.65,1,Male,D
13.66,1,Male,D
13.67,1,Male,D
13.68,1,Male,D
13.69,1,Male,D
13.70,1,Male,D
13.71,1,Male,D
13.72,1,Male,D
13.73,1,Male,D
13.74,1,Male,D
13.75,1,Male,D
13.76,1,Male,D
13.77,1,Male,D
13.78,1,Male,D
13.79,1,Male,D
13.80,1,Male,D
13.81,1,Male,D
13.82,1,Male,D
13.83,1,Male,D
13.84,1,Male,D
13.85,1,Male,D
13.86,1,Male,D
13.87,1,Male,D
13.88,1,Male,D
13.89,1,Male,D
13.90,1,Male,D
13.91,1,Male,D
13.92,1,Male,D
13.93,1,Male,D
13.94,1,Male,D
13.95,1,Male,D
13.96,1,Male,D
13.97,1,Male,D
13.98,1,Male,D
13.99,1,Male,D
13.100,1,Male,D
13.101,1,Male,D
13.102,1,Male,D
13.103,1,Male,D
13.104,1,Male,D
13.105,1,Male,D
13.106,1,Male,D
13.107,1,Male,D
13.108,1,Male,D
13.109,1,Male,D
13.110,1,Male,D
13.111,1,Male,D
13.112,1,Male,D
13.113,1,Male,D
13.114,1,Male,D
13.115,1,Male,D
13.116,1,Male,D
13.117,1,Male,D
13.118,1,Male,D
13.119,1,Male,D
13.120,1,Male,D
13.121,1,Male,D
13.122,1,Male,D
13.123,1,Male,D
13.124,1,Male,D
13.125,1,Male,D
13.126,1,Male,D
13.127,1,Male,D
13.128,1,Male,D
13.129,1,Male,D
13.130,1,Male,D
13.131,1,Male,D
13.132,1,Male,D
13.133,1,Male,D
13.134,1,Male,D
13.135,1,Male,D
13.136,1,Male,D
13.137,1,Male,D
14,0,Male,D
14.1,0,Male,D
14.2,0,Male,D
14.3,0,Male,D
14.4,0,Male,D
14.5,0,Male,D
14.6,0,Male,D
14.7,0,Male,D
14.8,0,Male,D
14.9,0,Male,D
14.10,0,Male,D
14.11,0,Male,D
14.12,0,Male,D
14.13,0,Male,D
14.14,0,Male,D
14.15,0,Male,D
14.16,0,Male,D
14.17,0,Male,D
14.18,0,Male,D
14.19,0,Male,D
14.20,0,Male,D
14.21,0,Male,D
14.22,0,Male,D
14.23,0,Male,D
14.24,0,Male,D
14.25,0,Male,D
14.26,0,Male,D
14.27,0,Male,D
14.28,0,Male,D
14.29,0,Male,D
14.30,0,Male,D
14.31,0,Male,D
14.32,0,Male,D
14.33,0,Male,D
14.34,0,Male,D
14.35,0,Male,D
14.36,0,Male,D
14.37,0,Male,D
14.38,0,Male,D
14.39,0,Male,D
14.40,0,Male,D
14.41,0,Male,D
14.42,0,Male,D
14.43,0,Male,D
14.44,0,Male,D
14.45,0,Male,D
14.46,0,Male,D
14.47,0,Male,D
14.48,0,Male,D
14.49,0,Male,D
14.50,0,Male,D
14.51,0,Male,D
14.52,0,Male,D
14.53,0,Male,D
14.54,0,Male,D
14.55,0,Male,D
14.56,0,Male,D
14.57,0,Male,D
14.58,0,Male,D
14.59,0,Male,D
14.60,0,Male,D
14.61,0,Male,D
14.62,0,Male,D
14.63,0,Male,D
14.64,0,Male,D
14.65,0,Male,D
14.66,0,Male,D
14.67,0,Male,D
14.68,0,Male,D
14.69,0,Male,D
14.70,0,Male,D
14.71,0,Male,D
14.72,0,Male,D
14.73,0,Male,D
14.74,0,Male,D
14.75,0,Male,D
14.76,0,Male,D
14.77,0,Male,D
14.78,0,Male,D
14.79,0,Male,D
14.80,0,Male,D
14.81,0,Male,D
14.82,0,Male,D
14.83,0,Male,D
14.84,0,Male,D
14.85,0,Male,D
14.86,0,Male,D
14.87,0,Male,D
14.88,0,Male,D
14.89,0,Male,D
14.90,0,Male,D
14.91,0,Male,D
14.92,0,Male,D
14.93,0,Male,D
14.94,0,Male,D
14.95,0,Male,D
14.96,0,Male,D
14.97,0,Male,D
14.98,0,Male,D
14.99,0,Male,D
14.100,0,Male,D
14.101,0,Male,D
14.102,0,Male,D
14.103,0,Male,D
14.104,0,Male,D
14.105,0,Male,D
14.106,0,Male,D
14.107,0,Male,D
14.108,0,Male,D
14.109,0,Male,D
14.110,0,Male,D
14.111,0,Male,D
14.112,0,Male,D
14.113,0,Male,D
14.114,0,Male,D
14.115,0,Male,D
14.116,0,Male,D
14.117,0,Male,D
14.118,0,Male,D
14.119,0,Male,D
14.120,0,Male,D
14.121,0,Male,D
14.122,0,Male,D
14.123,0,Male,D
14.124,0,Male,D
14.125,0,Male,D
14.126,0,Male,D
14.127,0,Male,D
14.128,0,Male,D
14.129,0,Male,D
14.130,0,Male,D
14.131,0,Male,D
14.132,0,Male,D
14.133,0,Male,D
14.134,0,Male,D
14.135,0,Male,D
14.136,0,Male,D
14.137,0,Male,D
14.138,0,Male,D
14.139,0,Male,D
14.140,0,Male,D
14.141,0,Male,D
14.142,0,Male,D
14.143,0,Male,D
14.144,0,Male,D
14.145,0,Male,D
14.146,0,Male,D
14.147,0,Male,D
14.148,0,Male,D
14.149,0,Male,D
14.150,0,Male,D
14.151,0,Male,D
14.152,0,Male,D
14.153,0,Male,D
14.154,0,Male,D
14.155,0,Male,D
14.156,0,Male,D
14.157,0,Male,D
14.158,0,Male,D
14.159,0,Male,D
14.160,0,Male,D
14.161,0,Male,D
14.162,0,Male,D
14.163,0,Male,D
14.164,0,Male,D
14.165,0,Male,D
14.166,0,Male,D
14.167,0,Male,D
14.168,0,Male,D
14.169,0,Male,D
14.170,0,Male,D
14.171,0,Male,D
14.172,0,Male,D
14.173,0,Male,D
14.174,0,Male,D
14.175,0,Male,D
14.176,0,Male,D
14.177,0,Male,D
14.178,0,Male,D
14.179,0,Male,D
14.180,0,Male,D
14.181,0,Male,D
14.182,0,Male,D
14.183,0,Male,D
14.184,0,Male,D
14.185,0,Male,D
14.186,0,Male,D
14.187,0,Male,D
14.188,0,Male,D
14.189,0,Male,D
14.190,0,Male,D
14.191,0,Male,D
14.192,0,Male,D
14.193,0,Male,D
14.194,0,Male,D
14.195,0,Male,D
14.196,0,Male,D
14.197,0,Male,D
14.198,0,Male,D
14.199,0,Male,D
14.200,0,Male,D
14.201,0,Male,D
14.202,0,Male,D
14.203,0,Male,D
14.204,0,Male,D
14.205,0,Male,D
14.206,0,Male,D
14.207,0,Male,D
14.208,0,Male,D
14.209,0,Male,D
14.210,0,Male,D
14.211,0,Male,D
14.212,0,Male,D
14.213,0,Male,D
14.214,0,Male,D
14.215,0,Male,D
14.216,0,Male,D
14.217,0,Male,D
14.218,0,Male,D
14.219,0,Male,D
14.220,0,Male,D
14.221,0,Male,D
14.222,0,Male,D
14.223,0,Male,D
14.224,0,Male,D
14.225,0,Male,D
14.226,0,Male,D
14.227,0,Male,D
14.228,0,Male,D
14.229,0,Male,D
14.230,0,Male,D
14.231,0,Male,D
14.232,0,Male,D
14.233,0,Male,D
14.234,0,Male,D
14.235,0,Male,D
14.236,0,Male,D
14.237,0,Male,D
14.238,0,Male,D
14.239,0,Male,D
14.240,0,Male,D
14.241,0,Male,D
14.242,0,Male,D
14.243,0,Male,D
14.244,0,Male,D
14.245,0,Male,D
14.246,0,Male,D
14.247,0,Male,D
14.248,0,Male,D
14.249,0,Male,D
14.250,0,Male,D
14.251,0,Male,D
14.252,0,Male,D
14.253,0,Male,D
14.254,0,Male,D
14.255,0,Male,D
14.256,0,Male,D
14.257,0,Male,D
14.258,0,Male,D
14.259,0,Male,D
14.260,0,Male,D
14.261,0,Male,D
14.262,0,Male,D
14.263,0,Male,D
14.264,0,Male,D
14.265,0,Male,D
14.266,0,Male,D
14.267,0,Male,D
14.268,0,Male,D
14.269,0,Male,D
14.270,0,Male,D
14.271,0,Male,D
14.272,0,Male,D
14.273,0,Male,D
14.274,0,Male,D
14.275,0,Male,D
14.276,0,Male,D
14.277,0,Male,D
14.278,0,Male,D
15,1,Female,D
15.1,1,Female,D
15.2,1,Female,D
15.3,1,Female,D
15.4,1,Female,D
15.5,1,Female,D
15.6,1,Female,D
15.7,1,Female,D
15.8,1,Female,D
15.9,1,Female,D
15.10,1,Female,D
15.11,1,Female,D
15.12,1,Female,D
15.13,1,Female,D
15.14,1,Female,D
15.15,1,Female,D
15.16,1,Female,D
15.17,1,Female,D
15.18,1,Female,D
15.19,1,Female,D
15.20,1,Female,D
15.21,1,Female,D
15.22,1,Female,D
15.23,1,Female,D
15.24,1,Female,D
15.25,1,Female,D
15.26,1,Female,D
15.27,1,Female,D
15.28,1,Female,D
15.29,1,Female,D
15.30,1,Female,D
15.31,1,Female,D
15.32,1,Female,D
15.33,1,Female,D
15.34,1,Female,D
15.35,1,Female,D
15.36,1,Female,D
15.37,1,Female,D
15.38,1,Female,D
15.39,1,Female,D
15.40,1,Female,D
15.41,1,Female,D
15.42,1,Female,D
15.43,1,Female,D
15.44,1,Female,D
15.45,1,Female,D
15.46,1,Female,D
15.47,1,Female,D
15.48,1,Female,D
15.49,1,Female,D
15.50,1,Female,D
15.51,1,Female,D
15.52,1,Female,D
15.53,1,Female,D
15.54,1,Female,D
15.55,1,Female,D
15.56,1,Female,D
15.57,1,Female,D
15.58,1,Female,D
15.59,1,Female,D
15.60,1,Female,D
15.61,1,Female,D
15.62,1,Female,D
15.63,1,Female,D
15.64,1,Female,D
15.65,1,Female,D
15.66,1,Female,D
15.67,1,Female,D
15.68,1,Female,D
15.69,1,Female,D
15.70,1,Female,D
15.71,1,Female,D
15.72,1,Female,D
15.73,1,Female,D
15.74,1,Female,D
15.75,1,Female,D
15.76,1,Female,D
15.77,1,Female,D
15.78,1,Female,D
15.79,1,Female,D
15.80,1,Female,D
15.81,1,Female,D
15.82,1,Female,D
15.83,1,Female,D
15.84,1,Female,D
15.85,1,Female,D
15.86,1,Female,D
15.87,1,Female,D
15.88,1,Female,D
15.89,1,Female,D
15.90,1,Female,D
15.91,1,Female,D
15.92,1,Female,D
15.93,1,Female,D
15.94,1,Female,D
15.95,1,Female,D
15.96,1,Female,D
15.97,1,Female,D
15.98,1,Female,D
15.99,1,Female,D
15.100,1,Female,D
15.101,1,Female,D
15.102,1,Female,D
15.103,1,Female,D
15.104,1,Female,D
15.105,1,Female,D
15.106,1,Female,D
15.107,1,Female,D
15.108,1,Female,D
15.109,1,Female,D
15.110,1,Female,D
15.111,1,Female,D
15.112,1,Female,D
15.113,1,Female,D
15.114,1,Female,D
15.115,1,Female,D
15.116,1,Female,D
15.117,1,Female,D
15.118,1,Female,D
15.119,1,Female,D
15.120,1,Female,D
15.121,1,Female,D
15.122,1,Female,D
15.123,1,Female,D
15.124,1,Female,D
15.125,1,Female,D
15.126,1,Female,D
15.127,1,Female,D
15.128,1,Female,D
15.129,1,Female,D
15.130,1,Female,D
16,0,Female,D
16.1,0,Female,D
16.2,0,Female,D
16.3,0,Female,D
16.4,0,Female,D
16.5,0,Female,D
16.6,0,Female,D
16.7,0,Female,D
16.8,0,Female,D
16.9,0,Female,D
16.10,0,Female,D
16.11,0,Female,D
16.12,0,Female,D
16.13,0,Female,D
16.14,0,Female,D
16.15,0,Female,D
16.16,0,Female,D
16.17,0,Female,D
16.18,0,Female,D
16.19,0,Female,D
16.20,0,Female,D
16.21,0,Female,D
16.22,0,Female,D
16.23,0,Female,D
16.24,0,Female,D
16.25,0,Female,D
16.26,0,Female,D
16.27,0,Female,D
16.28,0,Female,D
16.29,0,Female,D
16.30,0,Female,D
16.31,0,Female,D
16.32,0,Female,D
16.33,0,Female,D
16.34,0,Female,D
16.35,0,Female,D
16.36,0,Female,D
16.37,0,Female,D
16.38,0,Female,D
16.39,0,Female,D
16.40,0,Female,D
16.41,0,Female,D
16.42,0,Female,D
16.43,0,Female,D
16.44,0,Female,D
16.45,0,Female,D
16.46,0,Female,D
16.47,0,Female,D
16.48,0,Female,D
16.49,0,Female,D
16.50,0,Female,D
16.51,0,Female,D
16.52,0,Female,D
16.53,0,Female,D
16.54,0,Female,D
16.55,0,Female,D
16.56,0,Female,D
16.57,0,Female,D
16.58,0,Female,D
16.59,0,Female,D
16.60,0,Female,D
16.61,0,Female,D
16.62,0,Female,D
16.63,0,Female,D
16.64,0,Female,D
16.65,0,Female,D
16.66,0,Female,D
16.67,0,Female,D
16.68,0,Female,D
16.69,0,Female,D
16.70,0,Female,D
16.71,0,Female,D
16.72,0,Female,D
16.73,0,Female,D
16.74,0,Female,D
16.75,0,Female,D
16.76,0,Female,D
16.77,0,Female,D
16.78,0,Female,D
16.79,0,Female,D
16.80,0,Female,D
16.81,0,Female,D
16.82,0,Female,D
16.83,0,Female,D
16.84,0,Female,D
16.85,0,Female,D
16.86,0,Female,D
16.87,0,Female,D
16.88,0,Female,D
16.89,0,Female,D
16.90,0,Female,D
16.91,0,Female,D
16.92,0,Female,D
16.93,0,Female,D
16.94,0,Female,D
16.95,0,Female,D
16.96,0,Female,D
16.97,0,Female,D
16.98,0,Female,D
16.99,0,Female,D
16.100,0,Female,D
16.101,0,Female,D
16.102,0,Female,D
16.103,0,Female,D
16.104,0,Female,D
16.105,0,Female,D
16.106,0,Female,D
16.107,0,Female,D
16.108,0,Female,D
16.109,0,Female,D
16.110,0,Female,D
16.111,0,Female,D
16.112,0,Female,D
16.113,0,Female,D
16.114,0,Female,D
16.115,0,Female,D
16.116,0,Female,D
16.117,0,Female,D
16.118,0,Female,D
16.119,0,Female,D
16.120,0,Female,D
16.121,0,Female,D
16.122,0,Female,D
16.123,0,Female,D
16.124,0,Female,D
16.125,0,Female,D
16.126,0,Female,D
16.127,0,Female,D
16.128,0,Female,D
16.129,0,Female,D
16.130,0,Female,D
16.131,0,Female,D
16.132,0,Female,D
16.133,0,Female,D
16.134,0,Female,D
16.135,0,Female,D
16.136,0,Female,D
16.137,0,Female,D
16.138,0,Female,D
16.139,0,Female,D
16.140,0,Female,D
16.141,0,Female,D
16.142,0,Female,D
16.143,0,Female,D
16.144,0,Female,D
16.145,0,Female,D
16.146,0,Female,D
16.147,0,Female,D
16.148,0,Female,D
16.149,0,Female,D
16.150,0,Female,D
16.151,0,Female,D
16.152,0,Female,D
16.153,0,Female,D
16.154,0,Female,D
16.155,0,Female,D
16.156,0,Female,D
16.157,0,Female,D
16.158,0,Female,D
16.159,0,Female,D
16.160,0,Female,D
16.161,0,Female,D
16.162,0,Female,D
16.163,0,Female,D
16.164,0,Female,D
16.165,0,Female,D
16.166,0,Female,D
16.167,0,Female,D
16.168,0,Female,D
16.169,0,Female,D
16.170,0,Female,D
16.171,0,Female,D
16.172,0,Female,D
16.173,0,Female,D
16.174,0,Female,D
16.175,0,Female,D
16.176,0,Female,D
16.177,0,Female,D
16.178,0,Female,D
16.179,0,Female,D
16.180,0,Female,D
16.181,0,Female,D
16.182,0,Female,D
16.183,0,Female,D
16.184,0,Female,D
16.185,0,Female,D
16.186,0,Female,D
16.187,0,Female,D
16.188,0,Female,D
16.189,0,Female,D
16.190,0,Female,D
16.191,0,Female,D
16.192,0,Female,D
16.193,0,Female,D
16.194,0,Female,D
16.195,0,Female,D
16.196,0,Female,D
16.197,0,Female,D
16.198,0,Female,D
16.199,0,Female,D
16.200,0,Female,D
16.201,0,Female,D
16.202,0,Female,D
16.203,0,Female,D
16.204,0,Female,D
16.205,0,Female,D
16.206,0,Female,D
16.207,0,Female,D
16.208,0,Female,D
16.209,0,Female,D
16.210,0,Female,D
16.211,0,Female,D
16.212,0,Female,D
16.213,0,Female,D
16.214,0,Female,D
16.215,0,Female,D
16.216,0,Female,D
16.217,0,Female,D
16.218,0,Female,D
16.219,0,Female,D
16.220,0,Female,D
16.221,0,Female,D
16.222,0,Female,D
16.223,0,Female,D
16.224,0,Female,D
16.225,0,Female,D
16.226,0,Female,D
16.227,0,Female,D
16.228,0,Female,D
16.229,0,Female,D
16.230,0,Female,D
16.231,0,Female,D
16.232,0,Female,D
16.233,0,Female,D
16.234,0,Female,D
16.235,0,Female,D
16.236,0,Female,D
16.237,0,Female,D
16.238,0,Female,D
16.239,0,Female,D
16.240,0,Female,D
16.241,0,Female,D
16.242,0,Female,D
16.243,0,Female,D
17,1,Male,E
17.1,1,Male,E
17.2,1,Male,E
17.3,1,Male,E
17.4,1,Male,E
17.5,1,Male,E
17.6,1,Male,E
17.7,1,Male,E
17.8,1,Male,E
17.9,1,Male,E
17.10,1,Male,E
17.11,1,Male,E
17.12,1,Male,E
17.13,1,Male,E
17.14,1,Male,E
17.15,1,Male,E
17.16,1,Male,E
17.17,1,Male,E
17.18,1,Male,E
17.19,1,Male,E
17.20,1,Male,E
17.21,1,Male,E
17.22,1,Male,E
17.23,1,Male,E
17.24,1,Male,E
17.25,1,Male,E
17.26,1,Male,E
17.27,1,Male,E
17.28,1,Male,E
17.29,1,Male,E
17.30,1,Male,E
17.31,1,Male,E
17.32,1,Male,E
17.33,1,Male,E
17.34,1,Male,E
17.35,1,Male,E
17.36,1,Male,E
17.37,1,Male,E
17.38,1,Male,E
17.39,1,Male,E
17.40,1,Male,E
17.41,1,Male,E
17.42,1,Male,E
17.43,1,Male,E
17.44,1,Male,E
17.45,1,Male,E
17.46,1,Male,E
17.47,1,Male,E
17.48,1,Male,E
17.49,1,Male,E
17.50,1,Male,E
17.51,1,Male,E
17.52,1,Male,E
18,0,Male,E
18.1,0,Male,E
18.2,0,Male,E
18.3,0,Male,E
18.4,0,Male,E
18.5,0,Male,E
18.6,0,Male,E
18.7,0,Male,E
18.8,0,Male,E
18.9,0,Male,E
18.10,0,Male,E
18.11,0,Male,E
18.12,0,Male,E
18.13,0,Male,E
18.14,0,Male,E
18.15,0,Male,E
18.16,0,Male,E
18.17,0,Male,E
18.18,0,Male,E
18.19,0,Male,E
18.20,0,Male,E
18.21,0,Male,E
18.22,0,Male,E
18.23,0,Male,E
18.24,0,Male,E
18.25,0,Male,E
18.26,0,Male,E
18.27,0,Male,E
18.28,0,Male,E
18.29,0,Male,E
18.30,0,Male,E
18.31,0,Male,E
18.32,0,Male,E
18.33,0,Male,E
18.34,0,Male,E
18.35,0,Male,E
18.36,0,Male,E
18.37,0,Male,E
18.38,0,Male,E
18.39,0,Male,E
18.40,0,Male,E
18.41,0,Male,E
18.42,0,Male,E
18.43,0,Male,E
18.44,0,Male,E
18.45,0,Male,E
18.46,0,Male,E
18.47,0,Male,E
18.48,0,Male,E
18.49,0,Male,E
18.50,0,Male,E
18.51,0,Male,E
18.52,0,Male,E
18.53,0,Male,E
18.54,0,Male,E
18.55,0,Male,E
18.56,0,Male,E
18.57,0,Male,E
18.58,0,Male,E
18.59,0,Male,E
18.60,0,Male,E
18.61,0,Male,E
18.62,0,Male,E
18.63,0,Male,E
18.64,0,Male,E
18.65,0,Male,E
18.66,0,Male,E
18.67,0,Male,E
18.68,0,Male,E
18.69,0,Male,E
18.70,0,Male,E
18.71,0,Male,E
18.72,0,Male,E
18.73,0,Male,E
18.74,0,Male,E
18.75,0,Male,E
18.76,0,Male,E
18.77,0,Male,E
18.78,0,Male,E
18.79,0,Male,E
18.80,0,Male,E
18.81,0,Male,E
18.82,0,Male,E
18.83,0,Male,E
18.84,0,Male,E
18.85,0,Male,E
18.86,0,Male,E
18.87,0,Male,E
18.88,0,Male,E
18.89,0,Male,E
18.90,0,Male,E
18.91,0,Male,E
18.92,0,Male,E
18.93,0,Male,E
18.94,0,Male,E
18.95,0,Male,E
18.96,0,Male,E
18.97,0,Male,E
18.98,0,Male,E
18.99,0,Male,E
18.100,0,Male,E
18.101,0,Male,E
18.102,0,Male,E
18.103,0,Male,E
18.104,0,Male,E
18.105,0,Male,E
18.106,0,Male,E
18.107,0,Male,E
18.108,0,Male,E
18.109,0,Male,E
18.110,0,Male,E
18.111,0,Male,E
18.112,0,Male,E
18.113,0,Male,E
18.114,0,Male,E
18.115,0,Male,E
18.116,0,Male,E
18.117,0,Male,E
18.118,0,Male,E
18.119,0,Male,E
18.120,0,Male,E
18.121,0,Male,E
18.122,0,Male,E
18.123,0,Male,E
18.124,0,Male,E
18.125,0,Male,E
18.126,0,Male,E
18.127,0,Male,E
18.128,0,Male,E
18.129,0,Male,E
18.130,0,Male,E
18.131,0,Male,E
18.132,0,Male,E
18.133,0,Male,E
18.134,0,Male,E
18.135,0,Male,E
18.136,0,Male,E
18.137,0,Male,E
19,1,Female,E
19.1,1,Female,E
19.2,1,Female,E
19.3,1,Female,E
19.4,1,Female,E
19.5,1,Female,E
19.6,1,Female,E
19.7,1,Female,E
19.8,1,Female,E
19.9,1,Female,E
19.10,1,Female,E
19.11,1,Female,E
19.12,1,Female,E
19.13,1,Female,E
19.14,1,Female,E
19.15,1,Female,E
19.16,1,Female,E
19.17,1,Female,E
19.18,1,Female,E
19.19,1,Female,E
19.20,1,Female,E
19.21,1,Female,E
19.22,1,Female,E
19.23,1,Female,E
19.24,1,Female,E
19.25,1,Female,E
19.26,1,Female,E
19.27,1,Female,E
19.28,1,Female,E
19.29,1,Female,E
19.30,1,Female,E
19.31,1,Female,E
19.32,1,Female,E
19.33,1,Female,E
19.34,1,Female,E
19.35,1,Female,E
19.36,1,Female,E
19.37,1,Female,E
19.38,1,Female,E
19.39,1,Female,E
19.40,1,Female,E
19.41,1,Female,E
19.42,1,Female,E
19.43,1,Female,E
19.44,1,Female,E
19.45,1,Female,E
19.46,1,Female,E
19.47,1,Female,E
19.48,1,Female,E
19.49,1,Female,E
19.50,1,Female,E
19.51,1,Female,E
19.52,1,Female,E
19.53,1,Female,E
19.54,1,Female,E
19.55,1,Female,E
19.56,1,Female,E
19.57,1,Female,E
19.58,1,Female,E
19.59,1,Female,E
19.60,1,Female,E
19.61,1,Female,E
19.62,1,Female,E
19.63,1,Female,E
19.64,1,Female,E
19.65,1,Female,E
19.66,1,Female,E
19.67,1,Female,E
19.68,1,Female,E
19.69,1,Female,E
19.70,1,Female,E
19.71,1,Female,E
19.72,1,Female,E
19.73,1,Female,E
19.74,1,Female,E
19.75,1,Female,E
19.76,1,Female,E
19.77,1,Female,E
19.78,1,Female,E
19.79,1,Female,E
19.80,1,Female,E
19.81,1,Female,E
19.82,1,Female,E
19.83,1,Female,E
19.84,1,Female,E
19.85,1,Female,E
19.86,1,Female,E
19.87,1,Female,E
19.88,1,Female,E
19.89,1,Female,E
19.90,1,Female,E
19.91,1,Female,E
19.92,1,Female,E
19.93,1,Female,E
20,0,Female,E
20.1,0,Female,E
20.2,0,Female,E
20.3,0,Female,E
20.4,0,Female,E
20.5,0,Female,E
20.6,0,Female,E
20.7,0,Female,E
20.8,0,Female,E
20.9,0,Female,E
20.10,0,Female,E
20.11,0,Female,E
20.12,0,Female,E
20.13,0,Female,E
20.14,0,Female,E
20.15,0,Female,E
20.16,0,Female,E
20.17,0,Female,E
20.18,0,Female,E
20.19,0,Female,E
20.20,0,Female,E
20.21,0,Female,E
20.22,0,Female,E
20.23,0,Female,E
20.24,0,Female,E
20.25,0,Female,E
20.26,0,Female,E
20.27,0,Female,E
20.28,0,Female,E
20.29,0,Female,E
20.30,0,Female,E
20.31,0,Female,E
20.32,0,Female,E
20.33,0,Female,E
20.34,0,Female,E
20.35,0,Female,E
20.36,0,Female,E
20.37,0,Female,E
20.38,0,Female,E
20.39,0,Female,E
20.40,0,Female,E
20.41,0,Female,E
20.42,0,Female,E
20.43,0,Female,E
20.44,0,Female,E
20.45,0,Female,E
20.46,0,Female,E
20.47,0,Female,E
20.48,0,Female,E
20.49,0,Female,E
20.50,0,Female,E
20.51,0,Female,E
20.52,0,Female,E
20.53,0,Female,E
20.54,0,Female,E
20.55,0,Female,E
20.56,0,Female,E
20.57,0,Female,E
20.58,0,Female,E
20.59,0,Female,E
20.60,0,Female,E
20.61,0,Female,E
20.62,0,Female,E
20.63,0,Female,E
20.64,0,Female,E
20.65,0,Female,E
20.66,0,Female,E
20.67,0,Female,E
20.68,0,Female,E
20.69,0,Female,E
20.70,0,Female,E
20.71,0,Female,E
20.72,0,Female,E
20.73,0,Female,E
20.74,0,Female,E
20.75,0,Female,E
20.76,0,Female,E
20.77,0,Female,E
20.78,0,Female,E
20.79,0,Female,E
20.80,0,Female,E
20.81,0,Female,E
20.82,0,Female,E
20.83,0,Female,E
20.84,0,Female,E
20.85,0,Female,E
20.86,0,Female,E
20.87,0,Female,E
20.88,0,Female,E
20.89,0,Female,E
20.90,0,Female,E
20.91,0,Female,E
20.92,0,Female,E
20.93,0,Female,E
20.94,0,Female,E
20.95,0,Female,E
20.96,0,Female,E
20.97,0,Female,E
20.98,0,Female,E
20.99,0,Female,E
20.100,0,Female,E
20.101,0,Female,E
20.102,0,Female,E
20.103,0,Female,E
20.104,0,Female,E
20.105,0,Female,E
20.106,0,Female,E
20.107,0,Female,E
20.108,0,Female,E
20.109,0,Female,E
20.110,0,Female,E
20.111,0,Female,E
20.112,0,Female,E
20.113,0,Female,E
20.114,0,Female,E
20.115,0,Female,E
20.116,0,Female,E
20.117,0,Female,E
20.118,0,Female,E
20.119,0,Female,E
20.120,0,Female,E
20.121,0,Female,E
20.122,0,Female,E
20.123,0,Female,E
20.124,0,Female,E
20.125,0,Female,E
20.126,0,Female,E
20.127,0,Female,E
20.128,0,Female,E
20.129,0,Female,E
20.130,0,Female,E
20.131,0,Female,E
20.132,0,Female,E
20.133,0,Female,E
20.134,0,Female,E
20.135,0,Female,E
20.136,0,Female,E
20.137,0,Female,E
20.138,0,Female,E
20.139,0,Female,E
20.140,0,Female,E
20.141,0,Female,E
20.142,0,Female,E
20.143,0,Female,E
20.144,0,Female,E
20.145,0,Female,E
20.146,0,Female,E
20.147,0,Female,E
20.148,0,Female,E
20.149,0,Female,E
20.150,0,Female,E
20.151,0,Female,E
20.152,0,Female,E
20.153,0,Female,E
20.154,0,Female,E
20.155,0,Female,E
20.156,0,Female,E
20.157,0,Female,E
20.158,0,Female,E
20.159,0,Female,E
20.160,0,Female,E
20.161,0,Female,E
20.162,0,Female,E
20.163,0,Female,E
20.164,0,Female,E
20.165,0,Female,E
20.166,0,Female,E
20.167,0,Female,E
20.168,0,Female,E
20.169,0,Female,E
20.170,0,Female,E
20.171,0,Female,E
20.172,0,Female,E
20.173,0,Female,E
20.174,0,Female,E
20.175,0,Female,E
20.176,0,Female,E
20.177,0,Female,E
20.178,0,Female,E
20.179,0,Female,E
20.180,0,Female,E
20.181,0,Female,E
20.182,0,Female,E
20.183,0,Female,E
20.184,0,Female,E
20.185,0,Female,E
20.186,0,Female,E
20.187,0,Female,E
20.188,0,Female,E
20.189,0,Female,E
20.190,0,Female,E
20.191,0,Female,E
20.192,0,Female,E
20.193,0,Female,E
20.194,0,Female,E
20.195,0,Female,E
20.196,0,Female,E
20.197,0,Female,E
20.198,0,Female,E
20.199,0,Female,E
20.200,0,Female,E
20.201,0,Female,E
20.202,0,Female,E
20.203,0,Female,E
20.204,0,Female,E
20.205,0,Female,E
20.206,0,Female,E
20.207,0,Female,E
20.208,0,Female,E
20.209,0,Female,E
20.210,0,Female,E
20.211,0,Female,E
20.212,0,Female,E
20.213,0,Female,E
20.214,0,Female,E
20.215,0,Female,E
20.216,0,Female,E
20.217,0,Female,E
20.218,0,Female,E
20.219,0,Female,E
20.220,0,Female,E
20.221,0,Female,E
20.222,0,Female,E
20.223,0,Female,E
20.224,0,Female,E
20.225,0,Female,E
20.226,0,Female,E
20.227,0,Female,E
20.228,0,Female,E
20.229,0,Female,E
20.230,0,Female,E
20.231,0,Female,E
20.232,0,Female,E
20.233,0,Female,E
20.234,0,Female,E
20.235,0,Female,E
20.236,0,Female,E
20.237,0,Female,E
20.238,0,Female,E
20.239,0,Female,E
20.240,0,Female,E
20.241,0,Female,E
20.242,0,Female,E
20.243,0,Female,E
20.244,0,Female,E
20.245,0,Female,E
20.246,0,Female,E
20.247,0,Female,E
20.248,0,Female,E
20.249,0,Female,E
20.250,0,Female,E
20.251,0,Female,E
20.252,0,Female,E
20.253,0,Female,E
20.254,0,Female,E
20.255,0,Female,E
20.256,0,Female,E
20.257,0,Female,E
20.258,0,Female,E
20.259,0,Female,E
20.260,0,Female,E
20.261,0,Female,E
20.262,0,Female,E
20.263,0,Female,E
20.264,0,Female,E
20.265,0,Female,E
20.266,0,Female,E
20.267,0,Female,E
20.268,0,Female,E
20.269,0,Female,E
20.270,0,Female,E
20.271,0,Female,E
20.272,0,Female,E
20.273,0,Female,E
20.274,0,Female,E
20.275,0,Female,E
20.276,0,Female,E
20.277,0,Female,E
20.278,0,Female,E
20.279,0,Female,E
20.280,0,Female,E
20.281,0,Female,E
20.282,0,Female,E
20.283,0,Female,E
20.284,0,Female,E
20.285,0,Female,E
20.286,0,Female,E
20.287,0,Female,E
20.288,0,Female,E
20.289,0,Female,E
20.290,0,Female,E
20.291,0,Female,E
20.292,0,Female,E
20.293,0,Female,E
20.294,0,Female,E
20.295,0,Female,E
20.296,0,Female,E
20.297,0,Female,E
20.298,0,Female,E
21,1,Male,F
21.1,1,Male,F
21.2,1,Male,F
21.3,1,Male,F
21.4,1,Male,F
21.5,1,Male,F
21.6,1,Male,F
21.7,1,Male,F
21.8,1,Male,F
21.9,1,Male,F
21.10,1,Male,F
21.11,1,Male,F
21.12,1,Male,F
21.13,1,Male,F
21.14,1,Male,F
21.15,1,Male,F
21.16,1,Male,F
21.17,1,Male,F
21.18,1,Male,F
21.19,1,Male,F
21.20,1,Male,F
21.21,1,Male,F
22,0,Male,F
22.1,0,Male,F
22.2,0,Male,F
22.3,0,Male,F
22.4,0,Male,F
22.5,0,Male,F
22.6,0,Male,F
22.7,0,Male,F
22.8,0,Male,F
22.9,0,Male,F
22.10,0,Male,F
22.11,0,Male,F
22.12,0,Male,F
22.13,0,Male,F
22.14,0,Male,F
22.15,0,Male,F
22.16,0,Male,F
22.17,0,Male,F
22.18,0,Male,F
22.19,0,Male,F
22.20,0,Male,F
22.21,0,Male,F
22.22,0,Male,F
22.23,0,Male,F
22.24,0,Male,F
22.25,0,Male,F
22.26,0,Male,F
22.27,0,Male,F
22.28,0,Male,F
22.29,0,Male,F
22.30,0,Male,F
22.31,0,Male,F
22.32,0,Male,F
22.33,0,Male,F
22.34,0,Male,F
22.35,0,Male,F
22.36,0,Male,F
22.37,0,Male,F
22.38,0,Male,F
22.39,0,Male,F
22.40,0,Male,F
22.41,0,Male,F
22.42,0,Male,F
22.43,0,Male,F
22.44,0,Male,F
22.45,0,Male,F
22.46,0,Male,F
22.47,0,Male,F
22.48,0,Male,F
22.49,0,Male,F
22.50,0,Male,F
22.51,0,Male,F
22.52,0,Male,F
22.53,0,Male,F
22.54,0,Male,F
22.55,0,Male,F
22.56,0,Male,F
22.57,0,Male,F
22.58,0,Male,F
22.59,0,Male,F
22.60,0,Male,F
22.61,0,Male,F
22.62,0,Male,F
22.63,0,Male,F
22.64,0,Male,F
22.65,0,Male,F
22.66,0,Male,F
22.67,0,Male,F
22.68,0,Male,F
22.69,0,Male,F
22.70,0,Male,F
22.71,0,Male,F
22.72,0,Male,F
22.73,0,Male,F
22.74,0,Male,F
22.75,0,Male,F
22.76,0,Male,F
22.77,0,Male,F
22.78,0,Male,F
22.79,0,Male,F
22.80,0,Male,F
22.81,0,Male,F
22.82,0,Male,F
22.83,0,Male,F
22.84,0,Male,F
22.85,0,Male,F
22.86,0,Male,F
22.87,0,Male,F
22.88,0,Male,F
22.89,0,Male,F
22.90,0,Male,F
22.91,0,Male,F
22.92,0,Male,F
22.93,0,Male,F
22.94,0,Male,F
22.95,0,Male,F
22.96,0,Male,F
22.97,0,Male,F
22.98,0,Male,F
22.99,0,Male,F
22.100,0,Male,F
22.101,0,Male,F
22.102,0,Male,F
22.103,0,Male,F
22.104,0,Male,F
22.105,0,Male,F
22.106,0,Male,F
22.107,0,Male,F
22.108,0,Male,F
22.109,0,Male,F
22.110,0,Male,F
22.111,0,Male,F
22.112,0,Male,F
22.113,0,Male,F
22.114,0,Male,F
22.115,0,Male,F
22.116,0,Male,F
22.117,0,Male,F
22.118,0,Male,F
22.119,0,Male,F
22.120,0,Male,F
22.121,0,Male,F
22.122,0,Male,F
22.123,0,Male,F
22.124,0,Male,F
22.125,0,Male,F
22.126,0,Male,F
22.127,0,Male,F
22.128,0,Male,F
22.129,0,Male,F
22.130,0,Male,F
22.131,0,Male,F
22.132,0,Male,F
22.133,0,Male,F
22.134,0,Male,F
22.135,0,Male,F
22.136,0,Male,F
22.137,0,Male,F
22.138,0,Male,F
22.139,0,Male,F
22.140,0,Male,F
22.141,0,Male,F
22.142,0,Male,F
22.143,0,Male,F
22.144,0,Male,F
22.145,0,Male,F
22.146,0,Male,F
22.147,0,Male,F
22.148,0,Male,F
22.149,0,Male,F
22.150,0,Male,F
22.151,0,Male,F
22.152,0,Male,F
22.153,0,Male,F
22.154,0,Male,F
22.155,0,Male,F
22.156,0,Male,F
22.157,0,Male,F
22.158,0,Male,F
22.159,0,Male,F
22.160,0,Male,F
22.161,0,Male,F
22.162,0,Male,F
22.163,0,Male,F
22.164,0,Male,F
22.165,0,Male,F
22.166,0,Male,F
22.167,0,Male,F
22.168,0,Male,F
22.169,0,Male,F
22.170,0,Male,F
22.171,0,Male,F
22.172,0,Male,F
22.173,0,Male,F
22.174,0,Male,F
22.175,0,Male,F
22.176,0,Male,F
22.177,0,Male,F
22.178,0,Male,F
22.179,0,Male,F
22.180,0,Male,F
22.181,0,Male,F
22.182,0,Male,F
22.183,0,Male,F
22.184,0,Male,F
22.185,0,Male,F
22.186,0,Male,F
22.187,0,Male,F
22.188,0,Male,F
22.189,0,Male,F
22.190,0,Male,F
22.191,0,Male,F
22.192,0,Male,F
22.193,0,Male,F
22.194,0,Male,F
22.195,0,Male,F
22.196,0,Male,F
22.197,0,Male,F
22.198,0,Male,F
22.199,0,Male,F
22.200,0,Male,F
22.201,0,Male,F
22.202,0,Male,F
22.203,0,Male,F
22.204,0,Male,F
22.205,0,Male,F
22.206,0,Male,F
22.207,0,Male,F
22.208,0,Male,F
22.209,0,Male,F
22.210,0,Male,F
22.211,0,Male,F
22.212,0,Male,F
22.213,0,Male,F
22.214,0,Male,F
22.215,0,Male,F
22.216,0,Male,F
22.217,0,Male,F
22.218,0,Male,F
22.219,0,Male,F
22.220,0,Male,F
22.221,0,Male,F
22.222,0,Male,F
22.223,0,Male,F
22.224,0,Male,F
22.225,0,Male,F
22.226,0,Male,F
22.227,0,Male,F
22.228,0,Male,F
22.229,0,Male,F
22.230,0,Male,F
22.231,0,Male,F
22.232,0,Male,F
22.233,0,Male,F
22.234,0,Male,F
22.235,0,Male,F
22.236,0,Male,F
22.237,0,Male,F
22.238,0,Male,F
22.239,0,Male,F
22.240,0,Male,F
22.241,0,Male,F
22.242,0,Male,F
22.243,0,Male,F
22.244,0,Male,F
22.245,0,Male,F
22.246,0,Male,F
22.247,0,Male,F
22.248,0,Male,F
22.249,0,Male,F
22.250,0,Male,F
22.251,0,Male,F
22.252,0,Male,F
22.253,0,Male,F
22.254,0,Male,F
22.255,0,Male,F
22.256,0,Male,F
22.257,0,Male,F
22.258,0,Male,F
22.259,0,Male,F
22.260,0,Male,F
22.261,0,Male,F
22.262,0,Male,F
22.263,0,Male,F
22.264,0,Male,F
22.265,0,Male,F
22.266,0,Male,F
22.267,0,Male,F
22.268,0,Male,F
22.269,0,Male,F
22.270,0,Male,F
22.271,0,Male,F
22.272,0,Male,F
22.273,0,Male,F
22.274,0,Male,F
22.275,0,Male,F
22.276,0,Male,F
22.277,0,Male,F
22.278,0,Male,F
22.279,0,Male,F
22.280,0,Male,F
22.281,0,Male,F
22.282,0,Male,F
22.283,0,Male,F
22.284,0,Male,F
22.285,0,Male,F
22.286,0,Male,F
22.287,0,Male,F
22.288,0,Male,F
22.289,0,Male,F
22.290,0,Male,F
22.291,0,Male,F
22.292,0,Male,F
22.293,0,Male,F
22.294,0,Male,F
22.295,0,Male,F
22.296,0,Male,F
22.297,0,Male,F
22.298,0,Male,F
22.299,0,Male,F
22.300,0,Male,F
22.301,0,Male,F
22.302,0,Male,F
22.303,0,Male,F
22.304,0,Male,F
22.305,0,Male,F
22.306,0,Male,F
22.307,0,Male,F
22.308,0,Male,F
22.309,0,Male,F
22.310,0,Male,F
22.311,0,Male,F
22.312,0,Male,F
22.313,0,Male,F
22.314,0,Male,F
22.315,0,Male,F
22.316,0,Male,F
22.317,0,Male,F
22.318,0,Male,F
22.319,0,Male,F
22.320,0,Male,F
22.321,0,Male,F
22.322,0,Male,F
22.323,0,Male,F
22.324,0,Male,F
22.325,0,Male,F
22.326,0,Male,F
22.327,0,Male,F
22.328,0,Male,F
22.329,0,Male,F
22.330,0,Male,F
22.331,0,Male,F
22.332,0,Male,F
22.333,0,Male,F
22.334,0,Male,F
22.335,0,Male,F
22.336,0,Male,F
22.337,0,Male,F
22.338,0,Male,F
22.339,0,Male,F
22.340,0,Male,F
22.341,0,Male,F
22.342,0,Male,F
22.343,0,Male,F
22.344,0,Male,F
22.345,0,Male,F
22.346,0,Male,F
22.347,0,Male,F
22.348,0,Male,F
22.349,0,Male,F
22.350,0,Male,F
23,1,Female,F
23.1,1,Female,F
23.2,1,Female,F
23.3,1,Female,F
23.4,1,Female,F
23.5,1,Female,F
23.6,1,Female,F
23.7,1,Female,F
23.8,1,Female,F
23.9,1,Female,F
23.10,1,Female,F
23.11,1,Female,F
23.12,1,Female,F
23.13,1,Female,F
23.14,1,Female,F
23.15,1,Female,F
23.16,1,Female,F
23.17,1,Female,F
23.18,1,Female,F
23.19,1,Female,F
23.20,1,Female,F
23.21,1,Female,F
23.22,1,Female,F
23.23,1,Female,F
24,0,Female,F
24.1,0,Female,F
24.2,0,Female,F
24.3,0,Female,F
24.4,0,Female,F
24.5,0,Female,F
24.6,0,Female,F
24.7,0,Female,F
24.8,0,Female,F
24.9,0,Female,F
24.10,0,Female,F
24.11,0,Female,F
24.12,0,Female,F
24.13,0,Female,F
24.14,0,Female,F
24.15,0,Female,F
24.16,0,Female,F
24.17,0,Female,F
24.18,0,Female,F
24.19,0,Female,F
24.20,0,Female,F
24.21,0,Female,F
24.22,0,Female,F
24.23,0,Female,F
24.24,0,Female,F
24.25,0,Female,F
24.26,0,Female,F
24.27,0,Female,F
24.28,0,Female,F
24.29,0,Female,F
24.30,0,Female,F
24.31,0,Female,F
24.32,0,Female,F
24.33,0,Female,F
24.34,0,Female,F
24.35,0,Female,F
24.36,0,Female,F
24.37,0,Female,F
24.38,0,Female,F
24.39,0,Female,F
24.40,0,Female,F
24.41,0,Female,F
24.42,0,Female,F
24.43,0,Female,F
24.44,0,Female,F
24.45,0,Female,F
24.46,0,Female,F
24.47,0,Female,F
24.48,0,Female,F
24.49,0,Female,F
24.50,0,Female,F
24.51,0,Female,F
24.52,0,Female,F
24.53,0,Female,F
24.54,0,Female,F
24.55,0,Female,F
24.56,0,Female,F
24.57,0,Female,F
24.58,0,Female,F
24.59,0,Female,F
24.60,0,Female,F
24.61,0,Female,F
24.62,0,Female,F
24.63,0,Female,F
24.64,0,Female,F
24.65,0,Female,F
24.66,0,Female,F
24.67,0,Female,F
24.68,0,Female,F
24.69,0,Female,F
24.70,0,Female,F
24.71,0,Female,F
24.72,0,Female,F
24.73,0,Female,F
24.74,0,Female,F
24.75,0,Female,F
24.76,0,Female,F
24.77,0,Female,F
24.78,0,Female,F
24.79,0,Female,F
24.80,0,Female,F
24.81,0,Female,F
24.82,0,Female,F
24.83,0,Female,F
24.84,0,Female,F
24.85,0,Female,F
24.86,0,Female,F
24.87,0,Female,F
24.88,0,Female,F
24.89,0,Female,F
24.90,0,Female,F
24.91,0,Female,F
24.92,0,Female,F
24.93,0,Female,F
24.94,0,Female,F
24.95,0,Female,F
24.96,0,Female,F
24.97,0,Female,F
24.98,0,Female,F
24.99,0,Female,F
24.100,0,Female,F
24.101,0,Female,F
24.102,0,Female,F
24.103,0,Female,F
24.104,0,Female,F
24.105,0,Female,F
24.106,0,Female,F
24.107,0,Female,F
24.108,0,Female,F
24.109,0,Female,F
24.110,0,Female,F
24.111,0,Female,F
24.112,0,Female,F
24.113,0,Female,F
24.114,0,Female,F
24.115,0,Female,F
24.116,0,Female,F
24.117,0,Female,F
24.118,0,Female,F
24.119,0,Female,F
24.120,0,Female,F
24.121,0,Female,F
24.122,0,Female,F
24.123,0,Female,F
24.124,0,Female,F
24.125,0,Female,F
24.126,0,Female,F
24.127,0,Female,F
24.128,0,Female,F
24.129,0,Female,F
24.130,0,Female,F
24.131,0,Female,F
24.132,0,Female,F
24.133,0,Female,F
24.134,0,Female,F
24.135,0,Female,F
24.136,0,Female,F
24.137,0,Female,F
24.138,0,Female,F
24.139,0,Female,F
24.140,0,Female,F
24.141,0,Female,F
24.142,0,Female,F
24.143,0,Female,F
24.144,0,Female,F
24.145,0,Female,F
24.146,0,Female,F
24.147,0,Female,F
24.148,0,Female,F
24.149,0,Female,F
24.150,0,Female,F
24.151,0,Female,F
24.152,0,Female,F
24.153,0,Female,F
24.154,0,Female,F
24.155,0,Female,F
24.156,0,Female,F
24.157,0,Female,F
24.158,0,Female,F
24.159,0,Female,F
24.160,0,Female,F
24.161,0,Female,F
24.162,0,Female,F
24.163,0,Female,F
24.164,0,Female,F
24.165,0,Female,F
24.166,0,Female,F
24.167,0,Female,F
24.168,0,Female,F
24.169,0,Female,F
24.170,0,Female,F
24.171,0,Female,F
24.172,0,Female,F
24.173,0,Female,F
24.174,0,Female,F
24.175,0,Female,F
24.176,0,Female,F
24.177,0,Female,F
24.178,0,Female,F
24.179,0,Female,F
24.180,0,Female,F
24.181,0,Female,F
24.182,0,Female,F
24.183,0,Female,F
24.184,0,Female,F
24.185,0,Female,F
24.186,0,Female,F
24.187,0,Female,F
24.188,0,Female,F
24.189,0,Female,F
24.190,0,Female,F
24.191,0,Female,F
24.192,0,Female,F
24.193,0,Female,F
24.194,0,Female,F
24.195,0,Female,F
24.196,0,Female,F
24.197,0,Female,F
24.198,0,Female,F
24.199,0,Female,F
24.200,0,Female,F
24.201,0,Female,F
24.202,0,Female,F
24.203,0,Female,F
24.204,0,Female,F
24.205,0,Female,F
24.206,0,Female,F
24.207,0,Female,F
24.208,0,Female,F
24.209,0,Female,F
24.210,0,Female,F
24.211,0,Female,F
24.212,0,Female,F
24.213,0,Female,F
24.214,0,Female,F
24.215,0,Female,F
24.216,0,Female,F
24.217,0,Female,F
24.218,0,Female,F
24.219,0,Female,F
24.220,0,Female,F
24.221,0,Female,F
24.222,0,Female,F
24.223,0,Female,F
24.224,0,Female,F
24.225,0,Female,F
24.226,0,Female,F
24.227,0,Female,F
24.228,0,Female,F
24.229,0,Female,F
24.230,0,Female,F
24.231,0,Female,F
24.232,0,Female,F
24.233,0,Female,F
24.234,0,Female,F
24.235,0,Female,F
24.236,0,Female,F
24.237,0,Female,F
24.238,0,Female,F
24.239,0,Female,F
24.240,0,Female,F
24.241,0,Female,F
24.242,0,Female,F
24.243,0,Female,F
24.244,0,Female,F
24.245,0,Female,F
24.246,0,Female,F
24.247,0,Female,F
24.248,0,Female,F
24.249,0,Female,F
24.250,0,Female,F
24.251,0,Female,F
24.252,0,Female,F
24.253,0,Female,F
24.254,0,Female,F
24.255,0,Female,F
24.256,0,Female,F
24.257,0,Female,F
24.258,0,Female,F
24.259,0,Female,F
24.260,0,Female,F
24.261,0,Female,F
24.262,0,Female,F
24.263,0,Female,F
24.264,0,Female,F
24.265,0,Female,F
24.266,0,Female,F
24.267,0,Female,F
24.268,0,Female,F
24.269,0,Female,F
24.270,0,Female,F
24.271,0,Female,F
24.272,0,Female,F
24.273,0,Female,F
24.274,0,Female,F
24.275,0,Female,F
24.276,0,Female,F
24.277,0,Female,F
24.278,0,Female,F
24.279,0,Female,F
24.280,0,Female,F
24.281,0,Female,F
24.282,0,Female,F
24.283,0,Female,F
24.284,0,Female,F
24.285,0,Female,F
24.286,0,Female,F
24.287,0,Female,F
24.288,0,Female,F
24.289,0,Female,F
24.290,0,Female,F
24.291,0,Female,F
24.292,0,Female,F
24.293,0,Female,F
24.294,0,Female,F
24.295,0,Female,F
24.296,0,Female,F
24.297,0,Female,F
24.298,0,Female,F
24.299,0,Female,F
24.300,0,Female,F
24.301,0,Female,F
24.302,0,Female,F
24.303,0,Female,F
24.304,0,Female,F
24.305,0,Female,F
24.306,0,Female,F
24.307,0,Female,F
24.308,0,Female,F
24.309,0,Female,F
24.310,0,Female,F
24.311,0,Female,F
24.312,0,Female,F
24.313,0,Female,F
24.314,0,Female,F
24.315,0,Female,F
24.316,0,Female,F
